estimate,est_error,q2_5,q97_5,subj_id,age,age_centered
0.963300401345718,0.0298394833259718,0.896615602773326,1.01718397291406,11QViCtq,7.43,4.39
0.749221747753425,0.0192602369583699,0.71116932055185,0.786646958090814,12gvabGu,9.96,6.92
0.639387403895147,0.0186888620384349,0.607905397072592,0.683363886447138,173Rf4rR,12.99,9.95
0.602195421306247,0.0189747656481931,0.566575896206632,0.641507439896862,1Fxk4qnc,15.69,12.65
0.65950448877296,0.018049056732979,0.628181928872883,0.700899394635638,1PDcJJug,12.18,9.14
1.32457893668613,0.0497763961773831,1.23212355835018,1.42790919967893,1VTSBPTe,5.24,2.2
0.951405224593611,0.0296417929443175,0.884823735668347,1.00462416978601,1aaesBEa,7.53,4.49
0.628781806631395,0.0186746407454302,0.597167145112323,0.672390173866824,1dAUWy4o,13.52,10.48
0.905075187421941,0.0285802345614313,0.840793068970996,0.955703400873707,1feevzd2,7.95,4.91
0.598080843772281,0.0247421794682922,0.546597098355628,0.645673333851776,1g2KmZZw,17.77,14.73
0.606249566901656,0.0183286204880919,0.572600755958539,0.645094709321764,1maq3MMk,15.18,12.14
0.632372055604169,0.0187165167188069,0.600806805495808,0.67641621473075,1sAvevdv,13.33,10.29
0.631983279508595,0.0187138575831714,0.600401839390831,0.675983789213799,22EhSWrP,13.35,10.31
0.92642435615837,0.0291397082715511,0.860649153344446,0.978172830180389,29UVW1xE,7.75,4.71
0.606715580040629,0.0182934535676633,0.573217513935994,0.645625212161882,2A4wucZp,15.13,12.09
1.19895610368538,0.0378752672351234,1.12735174644644,1.2761512219665,2AcAMqCP,5.87,2.83
1.54584142139069,0.0789091832784617,1.40024648092356,1.71043555655535,2KBSeT3M,4.31,1.27
0.603482334291706,0.0186866448341117,0.56858684082676,0.642341593671247,2VmUcTmG,15.51,12.47
0.951405224593611,0.0296417929443175,0.884823735668347,1.00462416978601,2WQeN9gW,7.53,4.49
0.622428609002471,0.0185119329831015,0.590680577972597,0.664571930863323,2fvm2Hbh,13.89,10.85
0.939850864840969,0.029426608514832,0.873411205207475,0.992299124653326,2qBznRbX,7.63,4.59
1.2564035395373,0.0427054868989221,1.17631155567314,1.34454717419285,2tJL6v8M,5.57,2.53
0.716762070909067,0.0174012827923733,0.683487880503343,0.751894162825424,2tQLwxSP,10.6,7.56
0.862356286729387,0.0269624566475884,0.802400086256944,0.910346146137931,2zQakbBr,8.39,5.35
0.915591959539668,0.028873362872259,0.850613459664565,0.966759361478003,34GaP3LK,7.85,4.81
1.11077203912395,0.0329360007608871,1.04559510679751,1.17562945360768,35zXz9Fv,6.38,3.34
1.09168212726066,0.0322628316866143,1.02674638368942,1.15467252046587,3AUUwevx,6.5,3.46
0.873452735069735,0.0274553751337349,0.812064935532644,0.922161078528825,3BzuiMVD,8.27,5.23
1.35955635578595,0.0538422804242097,1.25955914627732,1.47151183237375,3F6fEdLi,5.08,2.04
1.05384529516147,0.0312698404069755,0.988954115116746,1.11355480212732,3G6DyUDJ,6.75,3.71
0.962095320345066,0.0298203634258682,0.895441041186873,1.01585319305742,3J4M1m3T,7.44,4.4
1.67431030386025,0.099549045772688,1.49214547099617,1.88143507400119,3JgbQ7WT,3.84,0.8
0.694755629423983,0.0170256623877774,0.663037196398912,0.730178205471205,3dQvgkzb,11.12,8.08
1.42383744995789,0.0619045804009648,1.30913865035952,1.55299054819411,3ihTMZn8,4.8,1.76
0.642507830849163,0.0186344753915674,0.611117531100111,0.686293824905438,3kHuS4ZV,12.85,9.81
0.761363182482784,0.020170683695084,0.720866795409056,0.79995995260105,3qqJuFWR,9.75,6.71
0.653003513324481,0.018312419622686,0.621611995974478,0.695448385707952,3r9np9NX,12.42,9.38
0.697914501942595,0.0170243088385122,0.666020550080568,0.733102609408458,3tqnMGeG,11.04,8
1.61552305606124,0.0896745743055825,1.4504483599788,1.80216997273165,3xeyimx3,4.05,1.01
0.78612914713989,0.0221070013032495,0.739897696037555,0.827477316571164,44xzoX9C,9.36,6.32
0.935322773184272,0.0293346989475796,0.869245480955228,0.987565400797715,45AKHBdg,7.67,4.63
0.731173814063111,0.0180812925395601,0.696242552136621,0.766981301043157,47nJ5Z87,10.3,7.26
0.600608660374345,0.019499603549269,0.563480083901198,0.640474096299197,483Zfoyb,15.95,12.91
1.31178828139682,0.04835686594124,1.22190718847883,1.41212015535622,49tkoQSU,5.3,2.26
0.878196053899852,0.0276497098688104,0.816237949812031,0.927267325291617,4BiBfSSF,8.22,5.18
0.784115724558934,0.0219507235353719,0.738370981464578,0.825262548671081,4EYQJBvQ,9.39,6.35
0.59786844020561,0.0244977462180243,0.547102642951715,0.645097778535019,4G1bM9RL,17.68,14.64
0.927525255546459,0.0291649323641364,0.861724685951649,0.979340637975974,4HMcuK4H,7.74,4.7
0.717221090697994,0.0174182371232823,0.68391759604223,0.752387648792174,4Je1oGYY,10.59,7.55
0.986868696686385,0.0301864542916073,0.92054096097076,1.04223611787205,4SFrLw1S,7.24,4.2
1.07776356986258,0.031849251045339,1.01291431041942,1.13946208331904,4bQoLDCS,6.59,3.55
0.746446180825479,0.0190621869541472,0.708977366735503,0.783668825564134,4iaZYoW5,10.01,6.97
0.750344144392841,0.0193416162483036,0.71211857738731,0.787871215508622,4n3xmgMp,9.94,6.9
0.643425265419143,0.0186142003452137,0.6120161030702,0.687186182319895,4r2tRYfD,12.81,9.77
1.40507033931001,0.059480517080269,1.29474608976743,1.52956516556469,4rcP9SUf,4.88,1.84
0.821802836870294,0.0246822623325268,0.768118685254128,0.866651382696319,4u17aSdG,8.87,5.83
0.698314894952262,0.0170254823038997,0.666409980522772,0.733488076647962,4vskpYxG,11.03,7.99
0.909244518888727,0.0287007808604948,0.844555647918829,0.960064978571701,573LoeW7,7.91,4.87
1.53024843841709,0.0766145825157328,1.38869852829324,1.69009832386932,58882Mgp,4.37,1.33
0.794372719092939,0.0227381322421309,0.7462746738004,0.836586318792894,58L3X1y7,9.24,6.2
0.828155657538735,0.0250892500908194,0.773298730488214,0.873531595892918,5DVmUXPR,8.79,5.75
0.614575173869456,0.0182404278992493,0.582422344991352,0.65489768504716,5ECtmyxQ,14.43,11.39
0.808810680035581,0.0237964176731483,0.757622678391187,0.852437013113656,5GPtFaHp,9.04,6
0.878196053899852,0.0276497098688104,0.816237949812031,0.927267325291617,5GdJQvbB,8.22,5.18
0.867854261450487,0.0272134932480843,0.807227523092429,0.916249597203366,5NZ4YfdL,8.33,5.29
1.04658362940648,0.0311218515239578,0.981676595948035,1.10582662803182,5aM8nmqm,6.8,3.76
1.65728542356259,0.0966024068089093,1.48049921156838,1.8586699529378,5phiZr3y,3.9,0.86
0.825755062596962,0.0249375624757162,0.771292676097977,0.870933477930207,5zU6dHvy,8.82,5.78
0.806587731249087,0.0236381393209971,0.755856165876477,0.8499879207993,62C83S6X,9.07,6.03
0.735766623643008,0.0183533281617532,0.7001183293218,0.771982429665727,65tsLBhF,10.21,7.17
0.695146220830854,0.0170244782810107,0.663424796421532,0.730524932953843,6AzF2Rrw,11.11,8.07
1.14910235313927,0.0347009367444298,1.0818519620914,1.21874832685449,6BfcLVd6,6.15,3.11
0.922053023742925,0.029036286943873,0.856537270182117,0.973552776302632,6DWeBvEb,7.79,4.75
1.14910235313927,0.0347009367444298,1.0818519620914,1.21874832685449,6LyAvBuh,6.15,3.11
0.672752519712158,0.0175070894231866,0.641533851220142,0.711155640346078,6Qu2zmZ7,11.74,8.7
0.865092811246548,0.0270890962180448,0.804820734620375,0.913271868960371,6Sfz3Kc6,8.36,5.32
0.708739206785714,0.0171622440090917,0.676165532426697,0.74378590813389,6qpU4ptZ,10.78,7.74
0.741557895725899,0.018726101923843,0.704979733530545,0.778342323195679,6zKyYLcM,10.1,7.06
0.805851308140742,0.0235853020772005,0.755261156377105,0.849188713127169,79vBo1kQ,9.08,6.04
1.03658451545409,0.0309355078278975,0.97162390470175,1.0950538177768,7E1RdRTu,6.87,3.83
0.599089810560638,0.0202960648889873,0.559816114282749,0.639893651963985,7Emp1m3X,16.27,13.23
0.680082582968611,0.0172658843439405,0.648763347055559,0.717071870733159,7GrKMg2h,11.52,8.48
0.928629397137784,0.0291899084584902,0.862763430833031,0.980497332129969,7SiNqUZH,7.73,4.69
0.863265704287935,0.0270049159513806,0.803197918331908,0.911309230220553,7WJDe271,8.38,5.34
0.781460150143639,0.0217436502481359,0.736359143497967,0.822350002772895,7b462Dgw,9.43,6.39
0.833843587315965,0.0254382563187545,0.778098718569041,0.879724092306393,7cf5A2mL,8.72,5.68
0.743713542624919,0.0188721421045161,0.70680601715567,0.780735961249116,7f2HAind,10.06,7.02
1.54062345762425,0.078137076264729,1.39636436350169,1.7034226723617,85zwxzUw,4.33,1.29
1.88008012618287,0.143100117420397,1.62206155130752,2.18134157347373,8BF2TQx3,3.16,0.12
0.78884301562967,0.0223164596878692,0.741926240359906,0.830465663231891,8DPHc4Ti,9.32,6.28
1.91886177505564,0.153426368569446,1.64306231546359,2.24206079273856,8DkEKkAT,3.04,0
1.15427411220125,0.0349837154761909,1.086688574725,1.22458026917665,8FZw4XJY,6.12,3.08
1.53802208965488,0.0777537598418743,1.39453063454871,1.69992633674234,8QbGNrVh,4.34,1.3
0.968155682195894,0.0299147801921733,0.901478359487294,1.02231832199218,8UWCnXQu,7.39,4.35
0.739958710877117,0.018620177050711,0.703623358996614,0.776576055787222,8XmeZmJa,10.13,7.09
0.604674172239898,0.018496473094647,0.570440008407733,0.643508348683843,8YJYr6dx,15.36,12.32
0.92642435615837,0.0291397082715511,0.860649153344446,0.978172830180389,8YiVvhnR,7.75,4.71
0.597357899286151,0.0234553401465725,0.549375594612982,0.642884257035309,8aqDVV8t,17.32,14.28
1.17715312142828,0.0363644917839119,1.10780884400342,1.25104719706998,8bSBCphi,5.99,2.95
0.952579274431561,0.0296622731528094,0.885935406858815,1.00586278881245,8fi577bt,7.52,4.48
0.686461465742949,0.0171166003875268,0.654996070973621,0.722462228474263,8hdMMmWk,11.34,8.3
0.860545686834888,0.0268768093124719,0.800783457059063,0.908442961387661,8oLncFYE,8.41,5.37
0.947903492180524,0.0295792789834882,0.881314065852039,1.00086263784993,8qdKRJMe,7.56,4.52
0.696720740767968,0.0170226098133406,0.664925496908843,0.731997581795564,8yLsdaAS,11.07,8.03
0.632960083425059,0.0187196742926276,0.601408182203398,0.676996267064505,975itKLJ,13.3,10.26
0.840494930946906,0.0258275296696943,0.783651562182313,0.886871781844838,99AmwzdN,8.64,5.6
0.800759514374622,0.0232147475195848,0.751189498750561,0.843571490981409,9TcbpL6B,9.15,6.11
0.896883809162237,0.0283257574159137,0.833204853487767,0.947099645795745,9XFPVFYc,8.03,4.99
0.673398517991451,0.0174833814728941,0.642166648687121,0.711651639139434,9ZrGn1zD,11.72,8.68
0.677359353765475,0.0173478421628251,0.646058472352789,0.714855809773758,9gPqBG1o,11.6,8.56
0.65619345434597,0.0181864700237938,0.624923502732902,0.698153107728618,9mfUneeU,12.3,9.26
0.738900867016723,0.0185513131788205,0.702726921995978,0.775403658064568,9oouHtaf,10.15,7.11
0.657283471762793,0.0181417886673067,0.625967690587294,0.699103054957956,9qWvTndu,12.26,9.22
0.960893719091908,0.0298011136236844,0.894250440543974,1.01456310895891,9uLzxrwP,7.45,4.41
1.79554688796777,0.12315373652222,1.57286772911316,2.05373877755181,9zv1gERq,3.43,0.39
0.662649621397315,0.0179158383400106,0.631419666182664,0.703246948583174,A43C6NS3,12.07,9.03
0.621005717449728,0.0184634252560171,0.589191669491601,0.662894375406345,A5tKrtEv,13.98,10.94
1.0792933893001,0.031891744404586,1.01438959942973,1.14106413830067,A7SUxDvg,6.58,3.54
0.744256667853575,0.018909493755342,0.707224976962692,0.781322407854274,A8NaWagx,10.05,7.01
0.86970917401415,0.0272951553409298,0.808799425436289,0.918192893498031,ACotcJdz,8.31,5.27
1.1027433604952,0.0326372018349972,1.03770641471067,1.16678798748028,ACsC3uQh,6.43,3.39
0.718606751246678,0.0174714596305796,0.685137200209077,0.753817122505232,AEHxfYmn,10.56,7.52
0.769910048469277,0.0208368674603266,0.727477054406792,0.809484008885309,AFM6uZmQ,9.61,6.57
0.633953193735654,0.0187226577752486,0.602376308029649,0.678014686567522,AJ75E3Mv,13.25,10.21
0.597603687880725,0.0218522379530398,0.554193363271239,0.640695853560737,AQhYNVH2,16.8,13.76
1.17894480184046,0.0364815318780934,1.10942119744287,1.25310066250676,AU5dCZtb,5.98,2.94
0.662359257715688,0.0179281567528828,0.631102441271324,0.702984283757763,AbnxHu7A,12.08,9.04
0.636612900633239,0.0187164139652915,0.605010591465993,0.680624750762401,AkSesxUh,13.12,10.08
0.874395696913843,0.0274947746095095,0.812866041699756,0.923213442009385,AquH3r4H,8.26,5.22
0.662940884118958,0.0179034877357201,0.631712727880855,0.703486808941764,Au5xkuTb,12.06,9.02
0.701974843076649,0.0170502805560137,0.669836591312023,0.737019226911255,AupD5QtE,10.94,7.9
0.821019645241359,0.0246308597958982,0.76748404643089,0.865822515992614,AzURc4x2,8.88,5.84
0.934199013240992,0.0293111567849621,0.868159683248401,0.986353396076861,B1rvGNgB,7.68,4.64
0.856066885322701,0.0266585347627381,0.796808654948073,0.903676193629366,B3BbNunf,8.46,5.42
0.777538114616443,0.0214363490966567,0.733291191706511,0.817983818308183,BGyn4YQL,9.49,6.45
1.21198198889958,0.0388659665855556,1.13854140971503,1.29140390993224,BKPABfqM,5.8,2.76
0.599425093990806,0.020083607111399,0.560761306501738,0.639940131690989,BPKUhStx,16.19,13.15
0.672752519712158,0.0175070894231866,0.641533851220142,0.711155640346078,BPovkLcf,11.74,8.7
0.687192377190642,0.0171036927319678,0.655737691025166,0.723105325351404,BQw5uAnH,11.32,8.28
1.09797738854418,0.0324707178894066,1.03299616823221,1.16157141876835,BXRBWWN5,6.46,3.42
0.706589136220196,0.0171174800673829,0.674161098586013,0.741616161316674,BnTnNwKS,10.83,7.79
0.643425265419143,0.0186142003452137,0.6120161030702,0.687186182319895,BseP5gGo,12.81,9.77
0.879153307882981,0.0276877718725284,0.817111841742362,0.92828110060975,BsmTXiBZ,8.21,5.17
0.655384778131341,0.0182191478053887,0.624074967988478,0.697558582548773,Bz3xi5ay,12.33,9.29
0.72332019621197,0.017674536390732,0.68929803904363,0.758682253827693,Bzh9iQe5,10.46,7.42
0.691674053474428,0.0170449463469775,0.660100122277793,0.727146207260849,C2ohsMaB,11.2,8.16
0.631597084426047,0.0187107645671097,0.600013352247748,0.675552321551357,CKEtbBLY,13.37,10.33
1.6686150277861,0.098554817052446,1.48828757503421,1.8737710577319,CPWPYCsK,3.86,0.82
0.598747721235264,0.0205440426627773,0.558747292441977,0.639936773869824,CVfEud1C,16.36,13.32
0.687192377190642,0.0171036927319678,0.655737691025166,0.723105325351404,CbCzUzL9,11.32,8.28
0.792977422255297,0.0226324505843156,0.745180381320474,0.835039790781846,CgCkY6bp,9.26,6.22
0.673398517991451,0.0174833814728941,0.642166648687121,0.711651639139434,CgZFTSoy,11.72,8.68
1.82020284633786,0.128633715135359,1.58784650717324,2.09032093278671,CkdJUbSH,3.35,0.31
1.69729461014077,0.103653199308878,1.50792402220013,1.91333102184771,CxSPhyDh,3.76,0.72
0.789526757093522,0.0223689914609322,0.742488080747918,0.831240194151987,Czr8os2Z,9.31,6.27
0.636404276172794,0.0187176361470285,0.604797439041238,0.68046780142772,D3dMTEso,13.13,10.09
0.84990961621756,0.0263434032082774,0.791583594565725,0.896999569935849,D6xRbd8F,8.53,5.49
0.598605384955624,0.0252075172382325,0.546072852627269,0.646861925578908,D8GNzZh7,17.95,14.91
0.78612914713989,0.0221070013032495,0.739897696037555,0.827477316571164,DAdZeN9c,9.36,6.32
0.647945184460308,0.018489828791216,0.616577924752517,0.69115148909783,DKUoTR9v,12.62,9.58
0.776891519008802,0.0213855704290852,0.732788781796202,0.817255352684084,DQnxJWVv,9.5,6.46
0.790212620740311,0.0224215819841581,0.743038637254129,0.831971077220583,DV2m4axS,9.3,6.26
0.729671284354189,0.0179974415507797,0.694957920523674,0.765394704867128,DeR11mdP,10.33,7.29
0.636822204237687,0.0187150653670288,0.605228940286775,0.680835657385072,Dme3Cc9d,13.11,10.07
1.68863738994593,0.102089597825646,1.50189423083306,1.90104994541911,DtAJsQe9,3.79,0.75
1.01040753598087,0.0305186103641355,0.944766727325154,1.06713010491978,DtM3PrD3,7.06,4.02
0.730170567604198,0.0180250075239602,0.695402701707968,0.765937811810073,E2EcaDMz,10.32,7.28
0.661206740373469,0.0179770609259278,0.629910661709005,0.702067688354199,E5syFfmX,12.12,9.08
0.719071520408522,0.0174899886513594,0.685538926185703,0.75427915784073,E8TE3NiN,10.55,7.51
1.03517186142334,0.0309106347129707,0.970198619647246,1.09357866722254,EAGyera2,6.88,3.84
0.993287001813923,0.0302761883646288,0.926997560973842,1.04894589871489,EAGyera2,7.19,4.15
0.599295911158555,0.0201623420609631,0.560352180380057,0.639945742868311,EFKPyauq,16.22,13.18
1.01988994602143,0.0306604121077982,0.954425682978344,1.07725826612525,EGbS2Zuv,6.99,3.95
0.694755629423983,0.0170256623877774,0.663037196398912,0.730178205471205,EJs1JGrZ,11.12,8.08
0.663233048551909,0.0178911073686335,0.632001843142551,0.703716675139497,ENirZrEk,12.05,9.01
0.947903492180524,0.0295792789834882,0.881314065852039,1.00086263784993,ERrZq2Ky,7.56,4.52
0.699119413672281,0.0170287580593253,0.667144035518593,0.73426964433717,EibRpn3B,11.01,7.97
0.601423383811761,0.0192017729822957,0.565187134494253,0.640875665223341,EwNW76BE,15.81,12.77
1.58293577970296,0.0845289672420303,1.42700852820079,1.75879779024612,EwwzkeP4,4.17,1.13
0.612922927029725,0.0181996778206891,0.580612059247881,0.652928784937455,FGqJS62o,14.56,11.52
0.935322773184272,0.0293346989475796,0.869245480955228,0.987565400797715,FJAbmDuy,7.67,4.63
0.633157395294339,0.01872050132878,0.601604712103229,0.677165593107166,FKNZUnKU,13.29,10.25
0.686826356652574,0.0171100430470936,0.655373901535955,0.722772636057649,FPsRW36B,11.33,8.29
0.617013062601896,0.0183196397587893,0.584959934911974,0.657928276840573,FY78Kdz8,14.25,11.21
0.814840017512767,0.024216116506596,0.762470260883994,0.859048136699907,FYQfbUvF,8.96,5.92
0.779489997198746,0.0215894606414645,0.734812447321125,0.820169330175085,FasoSvM7,9.46,6.42
1.56426420704472,0.0816707220955203,1.41346617868333,1.73422161678846,FcTGCLeN,4.24,1.2
1.63765413515272,0.0932954319692697,1.46632638808035,1.83186360931379,FddDJWAH,3.97,0.93
1.14738736078616,0.0346095499152198,1.08023494392646,1.21681479679682,FfikcWMD,6.16,3.12
0.606621383221982,0.0183000968034159,0.573095464306718,0.645566314473151,FonQoDey,15.14,12.1
0.675031061978906,0.0174253716191214,0.643751873865981,0.712976779402038,FrPdn8MV,11.67,8.63
0.78612914713989,0.0221070013032495,0.739897696037555,0.827477316571164,FxQbHyhT,9.36,6.32
0.637032188563552,0.0187135898472759,0.605436682543821,0.681138200976314,FyZevN6E,13.1,10.06
0.598146697718272,0.0210932796607815,0.556647521448416,0.640123412996051,FznkREDW,16.55,13.51
0.763163427389046,0.0203099336111408,0.722235025131326,0.801996528597073,G25Ad4Sw,9.72,6.68
1.0792933893001,0.031891744404586,1.01438959942973,1.14106413830067,G2FXDBnq,6.58,3.54
1.55370643974685,0.0800812636627776,1.40597555920485,1.7205011303982,G4xuDhG5,4.28,1.24
0.993287001813923,0.0302761883646288,0.926997560973842,1.04894589871489,G7kQJAsX,7.19,4.15
0.635576538533099,0.0187212716382833,0.603980955993299,0.679704345887183,G7mzhCwH,13.17,10.13
0.598055591267569,0.0247153906649714,0.546665820526121,0.645607032120758,GFEDmvX2,17.76,14.72
0.597982307923822,0.0246344611937172,0.546847941308393,0.64542594508231,GHYpwp6X,17.73,14.69
1.69440378857886,0.103128632286734,1.50583220699139,1.90922161416121,GLcb8R2q,3.77,0.73
0.868780318236657,0.0272544523372067,0.807996345905178,0.917212279447716,GSFxqRQX,8.32,5.28
0.891862507060444,0.0281575936397985,0.828639457267804,0.941761965784033,GUbQ2gNa,8.08,5.04
0.797189357527713,0.0229498294168212,0.748439499659844,0.839649039485931,GUnARykg,9.2,6.16
0.68077396306289,0.0172467031662749,0.649420524683897,0.717616872172559,GV7UeGb8,11.5,8.46
1.15082180475844,0.0347937526233035,1.08342019220905,1.2206654994194,GXVP2bBd,6.14,3.1
1.19161480791833,0.0373456664775809,1.12075739281989,1.26758134563834,Ge2FaXua,5.91,2.87
0.874395696913843,0.0274947746095095,0.812866041699756,0.923213442009385,GecbTFy3,8.26,5.22
0.888885535558635,0.0280533332530695,0.825865290026637,0.938588302563046,GfiDXzmG,8.11,5.07
0.777538114616443,0.0214363490966567,0.733291191706511,0.817983818308183,GhHdNaJh,9.49,6.45
0.598349078378515,0.0208873762795962,0.557501237151523,0.640075926006083,GhQes5Cb,16.48,13.44
0.659223841564723,0.0180608690391111,0.627892840875088,0.700678620969995,GmRKfkJM,12.19,9.15
0.758988871156536,0.0199883067322852,0.718983486925306,0.797384172805075,GnKYd2DN,9.79,6.75
0.625933279722801,0.0186144834977944,0.594270160842824,0.668932025937949,Gv64sqGB,13.68,10.64
1.12219301797771,0.0334021664553563,1.05641863073783,1.18848531862148,HGZDFhgo,6.31,3.27
0.715848304609149,0.017368550162352,0.682664371143054,0.750930051086553,HNPHkHsD,10.62,7.58
0.617865089784064,0.0183500661033289,0.585913333317064,0.658979829033759,HTuAQKJo,14.19,11.15
0.597393242771057,0.0223793742658618,0.55252432998648,0.641239300310446,HWc6b6K3,16.97,13.93
0.761961396437761,0.0202168715373106,0.721333077543753,0.800629887221325,HmLLLZKz,9.74,6.7
0.663233048551909,0.0178911073686335,0.632001843142551,0.703716675139497,HpoufktU,12.05,9.01
0.749782071409554,0.0193007754145059,0.711638445852395,0.787261031994577,HseoBkog,9.95,6.91
0.623403344911895,0.0185431713179581,0.59169378978648,0.665758989714592,Hz6SJ6Ho,13.83,10.79
0.844735248667641,0.0260649810556039,0.787240620493846,0.891432597255661,J55DtztS,8.59,5.55
1.18074105017257,0.0366001598344746,1.11099978236846,1.25519011932538,J8DQNzdE,5.97,2.93
0.633753258602526,0.0187222931612906,0.602187064874174,0.677766807316113,J9Nm5WwA,13.26,10.22
0.830578423264494,0.0252397084468551,0.775323419078348,0.876199926108421,JAfotwUd,8.76,5.72
0.802928240667771,0.023373666531004,0.752914897725446,0.845971033722962,JG2RrRYv,9.12,6.08
0.813318726791009,0.0241115832304786,0.761238095123461,0.857394223697588,JGM8wpZn,8.98,5.94
1.24261834924947,0.0414414112667734,1.1648091362456,1.32781000273951,JMB87zmg,5.64,2.6
0.863265704287935,0.0270049159513806,0.803197918331908,0.911309230220553,JMuZwt7b,8.38,5.34
0.668340451454555,0.0176785773807277,0.637030053854849,0.707808126993117,JWko2PMz,11.88,8.84
1.28673596263075,0.0456945832503487,1.20159987891471,1.38129174670791,JZso4SBx,5.42,2.38
0.805851308140742,0.0235853020772005,0.755261156377105,0.849188713127169,JcNwJDY7,9.08,6.04
0.779489997198746,0.0215894606414645,0.734812447321125,0.820169330175085,JgB3whMr,9.46,6.42
0.678033870194435,0.0173266247677871,0.646734589878599,0.715386753839573,JoMJJ6aZ,11.58,8.54
0.597587770005836,0.0218831153349482,0.554079558383989,0.640731337353675,JpdgsmtC,16.81,13.77
0.664410777234222,0.0178413378443828,0.633174390777481,0.704619891293455,Jq2aCchK,12.01,8.97
0.648436887158824,0.0184741303064683,0.61708334096141,0.691538444955822,Jrau26Pe,12.6,9.56
0.793673990751427,0.0226852741584864,0.745705765489903,0.835810340854148,JtrXQHua,9.25,6.21
0.672752519712158,0.0175070894231866,0.641533851220142,0.711155640346078,JuBFB8rT,11.74,8.7
0.710922936401778,0.0172162489282697,0.67823006593297,0.745927028398326,JvkSXdpP,10.73,7.69
0.857850265501444,0.0267465466166486,0.798464641331235,0.90557884829655,K14oc8Pb,8.44,5.4
0.70787516954569,0.0171432423300076,0.675341067706851,0.742894648685103,K6Ph7MkS,10.8,7.76
0.644354417504386,0.0185918381613357,0.612943722549398,0.688010106808443,K6Z12k33,12.77,9.73
0.8481743190305,0.0262514180088427,0.790114383802938,0.895149483371892,K8aPUrEE,8.55,5.51
0.8928607788758,0.0281917874304167,0.829609997917119,0.94283776491572,KJKQVzqW,8.07,5.03
0.820238855612262,0.0245793511572852,0.766834210650228,0.864943906621211,KMH2HFZA,8.89,5.85
0.686826356652574,0.0171100430470936,0.655373901535955,0.722772636057649,KWRoYeMS,11.33,8.29
0.749782071409554,0.0193007754145059,0.711638445852395,0.787261031994577,KYMAbQEq,9.95,6.91
0.804385262435777,0.0234795338972868,0.754127883854685,0.847565597757433,KZCS1GmV,9.1,6.06
1.21010717256783,0.0387194156465852,1.13700216266371,1.28917559893115,KeTKU8WU,5.81,2.77
0.770534905956634,0.0208859289169273,0.727953100698308,0.810202204438689,KfPoYyJq,9.6,6.56
0.756062284776709,0.0197659504703195,0.716636057038804,0.79412069013621,KkV5WNsw,9.84,6.8
0.642507830849163,0.0186344753915674,0.611117531100111,0.686293824905438,Kn4hxSGR,12.85,9.81
0.837148940952028,0.0256342616192266,0.780856846584521,0.883285549585193,L2RMg519,8.68,5.64
0.714488270521289,0.0173223797447706,0.681435422206772,0.749542626293166,L2RcHKgL,10.65,7.61
0.647456559964352,0.0185050457964037,0.616084456138957,0.690678945189889,L5zXK9Pd,12.64,9.6
0.598442603612637,0.0208003223365852,0.557846478289588,0.640069648023042,LWVAewvP,16.45,13.41
0.689786453535491,0.0170653404826004,0.658298871582983,0.725400648877681,LX142Ui6,11.25,8.21
0.746446180825479,0.0190621869541472,0.708977366735503,0.783668825564134,LZDTEoBV,10.01,6.97
0.774325136203683,0.0211838562370156,0.730823026285568,0.814406286124369,LZasTokE,9.54,6.5
0.671154857029473,0.0175673898793525,0.639873322980304,0.709840921314984,LkXTR4LP,11.79,8.75
0.713588605589364,0.0172935413001284,0.680644573630454,0.74864472690962,LznVBNmx,10.67,7.63
0.655653500062453,0.0182083380240696,0.624368478035142,0.697743890630508,MNLtq6x4,12.32,9.28
0.764980566967467,0.0204511863232437,0.72361803683261,0.804070873344898,MQykNFZL,9.69,6.65
0.699523547353165,0.0170308662692578,0.667497556501642,0.734671313827285,MRnaRzPs,11,7.96
1.89937704199969,0.148139546325453,1.63221494246467,2.21120485681345,MT93Tnkn,3.1,0.06
0.675360603979145,0.0174140123867756,0.644091160528366,0.713245859152651,MafL57mX,11.66,8.62
0.711363768959655,0.017228177679846,0.678642491388518,0.746370343179148,Mfo9Cw6d,10.72,7.68
0.600446047359729,0.0195677699912998,0.563135975911093,0.640432481621311,Mp1CMmDW,15.98,12.94
0.669894355409354,0.0176164795152082,0.638613928970814,0.708866095103919,NPHDAgCn,11.83,8.79
0.675691164381869,0.0174027419618053,0.644406904323091,0.713462801887224,NXkFK1LS,11.65,8.61
0.625760430221504,0.0186101134995368,0.594085906726394,0.668719397184924,NxU62TPn,13.69,10.65
0.612676695909255,0.0181949703918673,0.58033430278754,0.65261641364663,PB8vmQce,14.58,11.54
0.632763423794934,0.0187187338841952,0.601205715935472,0.67683825438543,PVCKrUPm,13.31,10.27
0.61418588592662,0.018229582294312,0.582017408436367,0.654547839949254,Pn8q9nBQ,14.46,11.42
0.617436589617866,0.0183346682129726,0.585469690828344,0.658508856148645,PrPta3D8,14.22,11.18
0.713140867054667,0.0172797015327518,0.680239653833818,0.748187802033634,Ps5vcEzm,10.68,7.64
0.597589317052618,0.0240747972587198,0.548036982313731,0.643984149427848,Q43ivcHi,17.53,14.49
0.633953193735654,0.0187226577752486,0.602376308029649,0.678014686567522,Q6nUHZRR,13.25,10.21
0.761363182482784,0.020170683695084,0.720866795409056,0.79995995260105,REbozo8t,9.75,6.71
0.662940884118958,0.0179034877357201,0.631712727880855,0.703486808941764,RGu5ezCU,12.06,9.02
0.675360603979145,0.0174140123867756,0.644091160528366,0.713245859152651,S6QHBkwn,11.66,8.62
0.658665148306882,0.0180843144015102,0.627339339345948,0.700164865770682,SHw7hGHW,12.21,9.17
0.696720740767968,0.0170226098133406,0.664925496908843,0.731997581795564,T2QEb4QV,11.07,8.03
0.694755629423983,0.0170256623877774,0.663037196398912,0.730178205471205,TE1K3Qhn,11.12,8.08
0.623567852662284,0.0185482565941535,0.591858036604125,0.665964832863272,Tr78ph6C,13.82,10.78
0.676355353081027,0.0173804812242855,0.64503937095343,0.714029327143167,U7LDU2rq,11.63,8.59
0.696325279863711,0.0170226403165842,0.664551392893092,0.731594445405119,UgsFRtqn,11.08,8.04
0.631983279508595,0.0187138575831714,0.600401839390831,0.675983789213799,UqAb1SEr,13.35,10.31
0.65431820322422,0.0182615203895726,0.622982032344788,0.696572446661802,VoKZ9FXz,12.37,9.33
0.637242855197174,0.0187119869249705,0.605649401862635,0.681315485035011,VrHRZ2Zn,13.09,10.05
0.651197021927536,0.0183795005628348,0.619817547991463,0.693844423777329,W6XNHAeA,12.49,9.45
0.604427054468567,0.0185308340475378,0.570115806624741,0.643233765321027,WAETxnJu,15.39,12.35
0.602891183684776,0.0188067429162624,0.567693611194707,0.641923646098644,WF3auqdc,15.59,12.55
0.642280289184211,0.018639216257366,0.610871991386556,0.686048172856023,WFp6kEe1,12.86,9.82
0.620850497238363,0.0184579652354387,0.589043839322297,0.662686138788066,WVqtMfY4,13.99,10.95
0.614837382830741,0.0182480879394106,0.58269244601504,0.65520949705761,WiTqhnmB,14.41,11.37
0.601673139787038,0.0191231061237428,0.565607573918246,0.641115332347771,X9dtqdgF,15.77,12.73
0.59742396415818,0.0236945705181336,0.548860209644447,0.643380517628778,XHhw1oos,17.4,14.36
0.602061998218804,0.0190107088359816,0.566328828478068,0.641383948980103,XNYqAbn4,15.71,12.67
0.60501050224083,0.0184535134755006,0.570908079247304,0.643849755230113,XSnqCRpW,15.32,12.28
0.620850497238363,0.0184579652354387,0.589043839322297,0.662686138788066,XZaGeKQi,13.99,10.95
0.597528533524726,0.0220068540676462,0.553656085815383,0.640774064319931,YEHxYvKx,16.85,13.81
0.602330750600991,0.0189395945307935,0.566773812562607,0.641574620166689,YHfZp1G7,15.67,12.63
0.598474686160144,0.0207714758959521,0.557959897271844,0.640041737933025,Z5G7Wq6Y,16.44,13.4
0.608188543678061,0.0182165434775138,0.574986470472593,0.647318544749944,ZxwCSDwV,14.98,11.94
0.709608629380871,0.0171827246504814,0.676980652317803,0.744617396635154,aBRMmm2V,10.76,7.72
1.66577500849867,0.0980622635282991,1.48639781091966,1.86986511523133,aBRxsPaJ,3.87,0.83
0.965721034460628,0.0298773564256609,0.899053913588989,1.01971278840255,aLfwwkCD,7.41,4.37
0.616044054187672,0.0182863315784659,0.583958432196121,0.656721310776822,aLpNJGSR,14.32,11.28
1.82953347146461,0.130777148906844,1.59348630186358,2.10420052213076,aN8Fwzxn,3.32,0.28
0.711805973908173,0.017240485934974,0.679060036665316,0.74683719154134,aQBAtMWa,10.71,7.67
1.67716556105604,0.100050795896429,1.49408624661423,1.88546818234284,aTYue1PG,3.83,0.79
1.35290141802206,0.0530493243401111,1.25441090771674,1.4632024491268,aaD3Fzr6,5.11,2.07
0.998487822332592,0.0303488694903857,0.932272488852388,1.05443657132854,adtrHuQU,7.15,4.11
1.39811558923618,0.0585962087421501,1.28925061741523,1.52077264677238,aeUMGFR6,4.91,1.87
0.782120956153371,0.0217952673766389,0.736868540579109,0.823079200044016,aiefuRGA,9.42,6.38
0.631022607279645,0.0187053300367662,0.599448263147827,0.674928123880039,awSUKrHC,13.4,10.36
0.773053861042307,0.0210838958611557,0.729857273766352,0.812993216986001,b2f6Mnsr,9.56,6.52
0.988145047282968,0.0302043488192168,0.921885312180116,1.04353739684756,bAftJihf,7.23,4.19
0.891862507060444,0.0281575936397985,0.828639457267804,0.941761965784033,bB1ezmSm,8.08,5.04
1.34409769896131,0.0520138641587357,1.24744909097643,1.45211882215732,bHbNtNPK,5.15,2.11
1.40739863115616,0.0597782860108589,1.29653421014717,1.53254142265665,bHdRvq6u,4.87,1.83
0.81105428586245,0.0239542661584564,0.759340508912444,0.854916940940452,bNZTA9P1,9.01,5.97
0.859644489882169,0.0268336252557159,0.800018522749898,0.907448685056766,bPwBAtrx,8.42,5.38
0.650942158060214,0.0183886630261216,0.619567403311014,0.6936303481421,bUrB9rpe,12.5,9.46
0.802928240667771,0.023373666531004,0.752914897725446,0.845971033722962,bV3vra5o,9.12,6.08
0.761961396437761,0.0202168715373106,0.721333077543753,0.800629887221325,bZTbcUpi,9.74,6.7
0.913463604151964,0.0288169229891704,0.848540888626935,0.964474580340951,bcADQbKi,7.87,4.83
1.10594198705543,0.0327534486201738,1.04085786426523,1.17028753680797,bdUMeohZ,6.41,3.37
0.952579274431561,0.0296622731528094,0.885935406858815,1.00586278881245,bfbMnoop,7.52,4.48
0.599513521667808,0.0200317686409399,0.560986036444999,0.63996734972424,bs861ekQ,16.17,13.13
0.805851308140742,0.0235853020772005,0.755261156377105,0.849188713127169,buJyFCmf,9.08,6.04
0.679053483794031,0.0172956819712038,0.647756477418988,0.716221738656717,bwqHERDT,11.55,8.51
0.776246929346582,0.0213349277698524,0.732286589256863,0.816517022658126,cAHCD8zx,9.51,6.47
0.695146220830854,0.0170244782810107,0.663424796421532,0.730524932953843,cE1JcSU6,11.11,8.07
0.693978065833312,0.0170288682196874,0.662299683631918,0.729407007102139,cE9pdoez,11.14,8.1
0.689412424423375,0.0170701406651393,0.657945056551367,0.725061477146108,caZeJsVP,11.26,8.22
0.769910048469277,0.0208368674603266,0.727477054406792,0.809484008885309,cernhzht,9.61,6.57
1.46970243613764,0.0680471787207853,1.34371993458283,1.61140565888756,ciE64WUz,4.61,1.57
0.597371853144253,0.0235154784095929,0.549219172752171,0.642973499690127,cmp5nJw6,17.34,14.3
1.3202957143518,0.0492967520826358,1.22872178157009,1.42264355187476,cmw5RtSp,5.26,2.22
0.806587731249087,0.0236381393209971,0.755856165876477,0.8499879207993,cozZ6rSS,9.07,6.03
0.72719807194357,0.0178654214449843,0.692726119080864,0.762771823590232,cprQp9Mk,10.38,7.34
1.29500864967571,0.0465555512881626,1.20820645927059,1.39151668620259,cv7a36wq,5.38,2.34
1.02677807341034,0.0307692776428272,0.961688670063527,1.08463184963335,cvuVqK9B,6.94,3.9
0.597517259070043,0.0239299240036173,0.548248141705575,0.643758705429645,d8D91R2B,17.48,14.44
0.988145047282968,0.0302043488192168,0.921885312180116,1.04353739684756,dc5kxBpx,7.23,4.19
0.628599152860241,0.0186714799369628,0.596966469538406,0.672162514487453,doJtpAN1,13.53,10.49
0.650182327592065,0.0184154934948104,0.618790883419091,0.692953747693901,dvXzVEGL,12.53,9.49
0.935322773184272,0.0293346989475796,0.869245480955228,0.987565400797715,dvykfrcG,7.67,4.63
1.40739863115616,0.0597782860108589,1.29653421014717,1.53254142265665,e1DnGPm8,4.87,1.83
0.776891519008802,0.0213855704290852,0.732788781796202,0.817255352684084,e88HNsg4,9.5,6.46
0.78884301562967,0.0223164596878692,0.741926240359906,0.830465663231891,eDPvhEHY,9.32,6.28
0.598605384955624,0.0252075172382325,0.546072852627269,0.646861925578908,eDyYKhXX,17.95,14.91
0.991996014415293,0.0302581719739726,0.925721101369596,1.04758620047838,eMZ97TfD,7.2,4.16
1.09482130110399,0.0323648117640811,1.02986646488517,1.15814918027813,eTY1Xtz7,6.48,3.44
1.00640054151491,0.0304607769187926,0.94070097640011,1.06290257900641,eUSbeEqi,7.09,4.05
0.856066885322701,0.0266585347627381,0.796808654948073,0.903676193629366,eXeDMgiB,8.46,5.42
1.01309776480209,0.0305580538675604,0.9475311983344,1.07002406150719,eZaodMHq,7.04,4
0.973067276679964,0.0299884789894193,0.906480033647551,1.02756812653483,eZaodMHq,7.35,4.31
0.674375020574446,0.0174483429183767,0.643108479013948,0.712457629149436,eceWrRsK,11.69,8.65
1.23678188249241,0.0409252879611949,1.15987064096434,1.32081596368837,eckGCaVS,5.67,2.63
1.60185616184858,0.087490930959716,1.4406726658742,1.78358715243153,ehFsp6bF,4.1,1.06
0.600446047359729,0.0195677699912998,0.563135975911093,0.640432481621311,eiRAWwbY,15.98,12.94
0.597620049831568,0.0218213868394595,0.554288084979661,0.640627242649761,eprf6Sy7,16.79,13.75
0.697914501942595,0.0170243088385122,0.666020550080568,0.733102609408458,erHxJ9kU,11.04,8
0.62787474298771,0.018657984301111,0.59622378602506,0.671266259800459,etXKMbmq,13.57,10.53
0.689786453535491,0.0170653404826004,0.658298871582983,0.725400648877681,eyw5MPWy,11.25,8.21
1.17894480184046,0.0364815318780934,1.10942119744287,1.25310066250676,f1Tffqee,5.98,2.94
0.822588437275295,0.024733555287725,0.768761072178957,0.867498392724479,f2T6dpPD,8.86,5.82
0.665903552051617,0.0177787595350846,0.634655223047478,0.70585139678601,fD2UH4Ck,11.96,8.92
1.00773243707578,0.0304798914219694,0.942041402252742,1.06431241038516,fEnDVZEZ,7.08,4.04
0.679395458494904,0.0172856174309483,0.648080022894329,0.716498089637115,fHS8YPY1,11.54,8.5
0.626280791972794,0.0186230301213046,0.594549846729911,0.669306300945912,fKd1mQ65,13.66,10.62
0.597333299416426,0.0226587841695417,0.551668278929387,0.641684318359465,fLdufMH3,17.06,14.02
0.962095320345066,0.0298203634258682,0.895441041186873,1.01585319305742,fM3n3i8m,7.44,4.4
1.70599756869726,0.105247598167408,1.51378499741345,1.92588736466626,fMLN8Jfg,3.73,0.69
0.981799607203473,0.030114886583366,0.915347963369528,1.03681354068908,fNTR4uat,7.28,4.24
0.808067410644599,0.0237437009339143,0.757038894367333,0.851629086882836,fddQN32W,9.05,6.01
1.63209089811533,0.0923749261967521,1.46239174535652,1.82415354891322,fqRh7Ggk,3.99,0.95
1.6686150277861,0.098554817052446,1.48828757503421,1.8737710577319,fqddM45c,3.86,0.82
0.647700488463555,0.0184974978739369,0.616317815383319,0.69095717582543,fuk8RmNu,12.63,9.59
0.619779929601058,0.0184196691625968,0.587939228976989,0.661377479992359,fyPtYopi,14.06,11.02
0.598259630893697,0.0209751654511127,0.557100623333885,0.640135696582618,g2tk5yV7,16.51,13.47
0.95730971417368,0.0297425294639559,0.890631835392307,1.01082010794965,gALrayir,7.48,4.44
0.68573505852327,0.0171303216243413,0.654289393967664,0.721806949952931,gESeJfgN,11.36,8.32
0.627337916972302,0.0186470075954102,0.595693551011592,0.670679334479029,gEnzUa89,13.6,10.56
1.32457893668613,0.0497763961773831,1.23212355835018,1.42790919967893,gGCHRqXZ,5.24,2.2
1.05238494245423,0.0312391475965032,0.987548661725241,1.11203676520935,gStxQPiD,6.76,3.72
0.766814755911158,0.0205943393085973,0.725094274337775,0.80610223339614,gTL1Z6DA,9.66,6.62
0.611127362916591,0.0181762834527342,0.578596327992298,0.650617390208778,gXXSfQJ1,14.71,11.67
0.76742996786311,0.0206424613208811,0.725566685139487,0.806764204780965,gbpPw4Tc,9.65,6.61
0.755482418588013,0.0197222635091829,0.716173234276207,0.793483920121666,gn4ZbNeJ,9.85,6.81
0.727437219431662,0.0449698332051948,0.647630794522068,0.825077372004732,gp1-1,37,33.96
0.739913769046521,0.044470649130807,0.660476969101997,0.83588022082643,gp1-10,39,35.96
0.714734001174174,0.0447985386838283,0.633925347565132,0.810729683743401,gp1-11,35,31.96
0.700673104895158,0.0441450398880304,0.616645327082721,0.790790098911972,gp1-12,33,29.96
0.727437219431662,0.0449698332051948,0.647630794522068,0.825077372004732,gp1-13,37,33.96
0.842445792259493,0.051483440174185,0.747086783093263,0.951876139278142,gp1-14,52,48.96
0.799263190274833,0.0460806160375568,0.712006853417996,0.894846836557806,gp1-15,61,57.96
0.656341609929614,0.0450153283778803,0.581315038218278,0.764584441843016,gp1-16,24,20.96
0.739913769046521,0.044470649130807,0.660476969101997,0.83588022082643,gp1-17,39,35.96
0.801174511037747,0.048340217127995,0.706209956197771,0.898419010523564,gp1-18,47,43.96
0.752059910834662,0.0435570488677261,0.672248372946108,0.844123292794812,gp1-19,41,37.96
0.816552445121945,0.0496387563638904,0.716556962323566,0.914118858467606,gp1-2,49,45.96
0.685027442192144,0.044657688924635,0.593551668113106,0.770175116094301,gp1-20,31,27.96
0.624124033604417,0.0309306464977789,0.566711623148177,0.688767641609725,gp1-21,21,17.96
0.636211286322495,0.0354914957219759,0.573974488714247,0.715078697152048,gp1-22,22,18.96
0.604177432747046,0.0272337124377763,0.547898061537612,0.657181424528956,gp1-23,19,15.96
0.824576736095392,0.050419420312153,0.72364417279211,0.92428262860327,gp1-24,50,46.96
0.669262759557164,0.0473722387223496,0.567073420717412,0.757664458921361,gp1-25,28,24.96
0.842445792259493,0.051483440174185,0.747086783093263,0.951876139278142,gp1-26,52,48.96
0.612961613744727,0.0285664773654947,0.556703384009353,0.670053976236288,gp1-27,20,16.96
0.745961395833298,0.0439476105309289,0.666540154844293,0.840267217064606,gp1-28,40,36.96
0.624124033604417,0.0309306464977789,0.566711623148177,0.688767641609725,gp1-29,21,17.96
0.636211286322495,0.0354914957219759,0.573974488714247,0.715078697152048,gp1-3,22,18.96
0.612961613744727,0.0285664773654947,0.556703384009353,0.670053976236288,gp1-30,20,16.96
0.612961613744727,0.0285664773654947,0.556703384009353,0.670053976236288,gp1-31,20,16.96
0.672768084102087,0.0474456470371394,0.569680970009385,0.760102376100213,gp1-32,29,25.96
0.6474724672582,0.0410438540170602,0.57865192462984,0.744782556196408,gp1-33,23,19.96
0.727437219431662,0.0449698332051948,0.647630794522068,0.825077372004732,gp1-34,37,33.96
0.604177432747046,0.0272337124377763,0.547898061537612,0.657181424528956,gp1-35,19,15.96
0.624124033604417,0.0309306464977789,0.566711623148177,0.688767641609725,gp1-36,21,17.96
0.604177432747046,0.0272337124377763,0.547898061537612,0.657181424528956,gp1-37,19,15.96
0.752059910834662,0.0435570488677261,0.672248372946108,0.844123292794812,gp1-38,41,37.96
0.656341609929614,0.0450153283778803,0.581315038218278,0.764584441843016,gp1-39,24,20.96
0.733722335779149,0.0447673508668138,0.654433903136475,0.830730759335309,gp1-4,38,34.96
0.604177432747046,0.0272337124377763,0.547898061537612,0.657181424528956,gp1-40,19,15.96
0.733722335779149,0.0447673508668138,0.654433903136475,0.830730759335309,gp1-41,38,34.96
0.598774431001287,0.0253308522287401,0.545990237720811,0.647338020088483,gp1-42,18,14.96
0.636211286322495,0.0354914957219759,0.573974488714247,0.715078697152048,gp1-43,22,18.96
0.672768084102087,0.0474456470371394,0.569680970009385,0.760102376100213,gp1-44,29,25.96
0.766107553703982,0.0450566661684345,0.680210763419323,0.859087444962511,gp1-45,43,39.96
0.774536179138743,0.0460982445263637,0.685372463793809,0.868627558726554,gp1-46,44,40.96
0.624124033604417,0.0309306464977789,0.566711623148177,0.688767641609725,gp1-47,21,17.96
0.624124033604417,0.0309306464977789,0.566711623148177,0.688767641609725,gp1-48,21,17.96
0.604177432747046,0.0272337124377763,0.547898061537612,0.657181424528956,gp1-49,19,15.96
0.727437219431662,0.0449698332051948,0.647630794522068,0.825077372004732,gp1-5,37,33.96
0.598774431001287,0.0253308522287401,0.545990237720811,0.647338020088483,gp1-50,18,14.96
0.662103052745013,0.0462209149475372,0.581871951370859,0.76754687793648,gp1-6,25,21.96
0.636211286322495,0.0354914957219759,0.573974488714247,0.715078697152048,gp1-7,22,18.96
0.785033747909374,0.0495613297695171,0.700004180412974,0.89693073307732,gp1-8,63,59.96
0.792669489855403,0.0476501921345032,0.699991254020134,0.889617179106888,gp1-9,46,42.96
0.75864231436748,0.043973207742231,0.676258749488255,0.849843457456638,gp6-1,42,38.96
0.799263190274833,0.0460806160375568,0.712006853417996,0.894846836557806,gp6-10,61,57.96
0.833371700245364,0.0506842234235578,0.734655588399542,0.93608358874626,gp6-100,51,47.96
0.774499911638531,0.0491164470938143,0.689397773617144,0.885184595488233,gp6-101,64,60.96
0.678094634908089,0.0461835162486005,0.580517785197345,0.764287245655081,gp6-102,30,26.96
0.824576736095392,0.050419420312153,0.72364417279211,0.92428262860327,gp6-103,50,46.96
0.792891458270751,0.0468028925333533,0.709003605070813,0.894092398220736,gp6-104,62,58.96
0.750060294408496,0.0460567401076649,0.659851968124577,0.842105525572486,gp6-105,66,62.96
0.791864991720011,0.0500585215665435,0.700281427020273,0.897864164977687,gp6-106,73,69.96
0.75864231436748,0.043973207742231,0.676258749488255,0.849843457456638,gp6-107,42,38.96
0.636211286322495,0.0354914957219759,0.573974488714247,0.715078697152048,gp6-108,22,18.96
0.750060294408496,0.0460567401076649,0.659851968124577,0.842105525572486,gp6-109,66,62.96
0.847366520375642,0.054801420280938,0.751620860744962,0.970482743294076,gp6-11,56,52.96
0.612961613744727,0.0285664773654947,0.556703384009353,0.670053976236288,gp6-110,20,16.96
0.842445792259493,0.051483440174185,0.747086783093263,0.951876139278142,gp6-111,52,48.96
0.824576736095392,0.050419420312153,0.72364417279211,0.92428262860327,gp6-112,50,46.96
0.739325755362987,0.0480961424046277,0.637058702015112,0.830771816151226,gp6-113,69,65.96
0.75864231436748,0.043973207742231,0.676258749488255,0.849843457456638,gp6-114,42,38.96
0.612961613744727,0.0285664773654947,0.556703384009353,0.670053976236288,gp6-115,20,16.96
0.825263794675497,0.0503974804919116,0.725563978510956,0.926864156758661,gp6-116,58,54.96
0.727437219431662,0.0449698332051948,0.647630794522068,0.825077372004732,gp6-117,37,33.96
0.707991329604815,0.0444562322862911,0.625993760880782,0.801541514739387,gp6-118,34,30.96
0.678094634908089,0.0461835162486005,0.580517785197345,0.764287245655081,gp6-119,30,26.96
0.741221905792053,0.0485579822946726,0.637360115557468,0.83333912087155,gp6-12,67,63.96
0.801174511037747,0.048340217127995,0.706209956197771,0.898419010523564,gp6-120,47,43.96
0.636211286322495,0.0354914957219759,0.573974488714247,0.715078697152048,gp6-121,22,18.96
0.662103052745013,0.0462209149475372,0.581871951370859,0.76754687793648,gp6-122,25,21.96
0.678094634908089,0.0461835162486005,0.580517785197345,0.764287245655081,gp6-123,30,26.96
0.752059910834662,0.0435570488677261,0.672248372946108,0.844123292794812,gp6-124,41,37.96
0.707991329604815,0.0444562322862911,0.625993760880782,0.801541514739387,gp6-125,34,30.96
0.624124033604417,0.0309306464977789,0.566711623148177,0.688767641609725,gp6-126,21,17.96
0.6474724672582,0.0410438540170602,0.57865192462984,0.744782556196408,gp6-127,23,19.96
0.746866520006943,0.0451923662399822,0.657403251938905,0.836750223650375,gp6-128,70,66.96
0.766107553703982,0.0450566661684345,0.680210763419323,0.859087444962511,gp6-129,43,39.96
0.816552445121945,0.0496387563638904,0.716556962323566,0.914118858467606,gp6-13,49,45.96
0.733722335779149,0.0447673508668138,0.654433903136475,0.830730759335309,gp6-130,38,34.96
0.700673104895158,0.0441450398880304,0.616645327082721,0.790790098911972,gp6-131,33,29.96
0.836894331508866,0.0503621324194173,0.742530271441904,0.943087049733242,gp6-132,57,53.96
0.6474724672582,0.0410438540170602,0.57865192462984,0.744782556196408,gp6-133,23,19.96
0.624124033604417,0.0309306464977789,0.566711623148177,0.688767641609725,gp6-134,21,17.96
0.806070904506031,0.0489915260771385,0.706902640703229,0.902812356106706,gp6-135,60,56.96
0.6474724672582,0.0410438540170602,0.57865192462984,0.744782556196408,gp6-136,23,19.96
0.624124033604417,0.0309306464977789,0.566711623148177,0.688767641609725,gp6-137,21,17.96
0.758987878609415,0.0442855176992176,0.675273458335898,0.850083066316707,gp6-138,71,67.96
0.792669489855403,0.0476501921345032,0.699991254020134,0.889617179106888,gp6-139,46,42.96
0.825263794675497,0.0503974804919116,0.725563978510956,0.926864156758661,gp6-14,58,54.96
0.714734001174174,0.0447985386838283,0.633925347565132,0.810729683743401,gp6-140,35,31.96
0.700673104895158,0.0441450398880304,0.616645327082721,0.790790098911972,gp6-141,33,29.96
0.685027442192144,0.044657688924635,0.593551668113106,0.770175116094301,gp6-142,31,27.96
0.662103052745013,0.0462209149475372,0.581871951370859,0.76754687793648,gp6-143,25,21.96
0.745961395833298,0.0439476105309289,0.666540154844293,0.840267217064606,gp6-144,40,36.96
0.854821762754189,0.0593362113583849,0.756559808061916,0.995967430444651,gp6-145,54,50.96
0.746866520006943,0.0451923662399822,0.657403251938905,0.836750223650375,gp6-146,70,66.96
0.750060294408496,0.0460567401076649,0.659851968124577,0.842105525572486,gp6-147,66,62.96
0.700673104895158,0.0441450398880304,0.616645327082721,0.790790098911972,gp6-148,33,29.96
0.678094634908089,0.0461835162486005,0.580517785197345,0.764287245655081,gp6-149,30,26.96
0.792891458270751,0.0468028925333533,0.709003605070813,0.894092398220736,gp6-15,62,58.96
0.816552445121945,0.0496387563638904,0.716556962323566,0.914118858467606,gp6-150,49,45.96
0.825263794675497,0.0503974804919116,0.725563978510956,0.926864156758661,gp6-151,58,54.96
0.685027442192144,0.044657688924635,0.593551668113106,0.770175116094301,gp6-152,31,27.96
0.656341609929614,0.0450153283778803,0.581315038218278,0.764584441843016,gp6-153,24,20.96
0.692838822896648,0.0440217712888968,0.606050205046529,0.779445493558498,gp6-154,32,28.96
0.733722335779149,0.0447673508668138,0.654433903136475,0.830730759335309,gp6-155,38,34.96
0.762039312448531,0.0462842059541213,0.677266480592731,0.860038210955163,gp6-156,65,61.96
0.624124033604417,0.0309306464977789,0.566711623148177,0.688767641609725,gp6-157,21,17.96
0.707991329604815,0.0444562322862911,0.625993760880782,0.801541514739387,gp6-158,34,30.96
0.6474724672582,0.0410438540170602,0.57865192462984,0.744782556196408,gp6-159,23,19.96
0.774315859889288,0.0462334210747476,0.689096971401149,0.871172567972039,gp6-16,72,68.96
0.785033747909374,0.0495613297695171,0.700004180412974,0.89693073307732,gp6-160,63,59.96
0.842445792259493,0.051483440174185,0.747086783093263,0.951876139278142,gp6-161,52,48.96
0.836894331508866,0.0503621324194173,0.742530271441904,0.943087049733242,gp6-162,57,53.96
0.636211286322495,0.0354914957219759,0.573974488714247,0.715078697152048,gp6-163,22,18.96
0.833955597166397,0.0662695062968809,0.71272553925179,0.97459838421182,gp6-164,75,71.96
0.746866520006943,0.0451923662399822,0.657403251938905,0.836750223650375,gp6-165,70,66.96
0.727437219431662,0.0449698332051948,0.647630794522068,0.825077372004732,gp6-166,37,33.96
0.752059910834662,0.0435570488677261,0.672248372946108,0.844123292794812,gp6-167,41,37.96
0.700673104895158,0.0441450398880304,0.616645327082721,0.790790098911972,gp6-168,33,29.96
0.746866520006943,0.0451923662399822,0.657403251938905,0.836750223650375,gp6-169,70,66.96
0.811539156287787,0.0562771848092738,0.709106613645299,0.930545203255127,gp6-17,74,70.96
0.669262759557164,0.0473722387223496,0.567073420717412,0.757664458921361,gp6-170,28,24.96
0.814659480041597,0.0511156238647249,0.708196279499092,0.91460404165547,gp6-171,59,55.96
0.847366520375642,0.054801420280938,0.751620860744962,0.970482743294076,gp6-172,56,52.96
0.700673104895158,0.0441450398880304,0.616645327082721,0.790790098911972,gp6-173,33,29.96
0.714734001174174,0.0447985386838283,0.633925347565132,0.810729683743401,gp6-174,35,31.96
0.762039312448531,0.0462842059541213,0.677266480592731,0.860038210955163,gp6-175,65,61.96
0.612961613744727,0.0285664773654947,0.556703384009353,0.670053976236288,gp6-176,20,16.96
0.678094634908089,0.0461835162486005,0.580517785197345,0.764287245655081,gp6-177,30,26.96
0.833371700245364,0.0506842234235578,0.734655588399542,0.93608358874626,gp6-178,51,47.96
0.854821762754189,0.0593362113583849,0.756559808061916,0.995967430444651,gp6-179,54,50.96
0.746866520006943,0.0451923662399822,0.657403251938905,0.836750223650375,gp6-18,70,66.96
0.741221905792053,0.0485579822946726,0.637360115557468,0.83333912087155,gp6-180,67,63.96
0.752059910834662,0.0435570488677261,0.672248372946108,0.844123292794812,gp6-181,41,37.96
0.824576736095392,0.050419420312153,0.72364417279211,0.92428262860327,gp6-182,50,46.96
0.806070904506031,0.0489915260771385,0.706902640703229,0.902812356106706,gp6-183,60,56.96
0.806070904506031,0.0489915260771385,0.706902640703229,0.902812356106706,gp6-184,60,56.96
0.739913769046521,0.044470649130807,0.660476969101997,0.83588022082643,gp6-185,39,35.96
0.833371700245364,0.0506842234235578,0.734655588399542,0.93608358874626,gp6-186,51,47.96
0.814659480041597,0.0511156238647249,0.708196279499092,0.91460404165547,gp6-187,59,55.96
0.783596654509839,0.0468857153195321,0.692637778223738,0.878509514424752,gp6-188,45,41.96
0.774499911638531,0.0491164470938143,0.689397773617144,0.885184595488233,gp6-189,64,60.96
0.836894331508866,0.0503621324194173,0.742530271441904,0.943087049733242,gp6-19,57,53.96
0.774315859889288,0.0462334210747476,0.689096971401149,0.871172567972039,gp6-190,72,68.96
0.746866520006943,0.0451923662399822,0.657403251938905,0.836750223650375,gp6-191,70,66.96
0.785033747909374,0.0495613297695171,0.700004180412974,0.89693073307732,gp6-192,63,59.96
0.847366520375642,0.054801420280938,0.751620860744962,0.970482743294076,gp6-193,56,52.96
0.737379235842447,0.0498232063886585,0.626860516274568,0.830234929122497,gp6-194,68,64.96
0.785033747909374,0.0495613297695171,0.700004180412974,0.89693073307732,gp6-195,63,59.96
0.811539156287787,0.0562771848092738,0.709106613645299,0.930545203255127,gp6-196,74,70.96
0.774536179138743,0.0460982445263637,0.685372463793809,0.868627558726554,gp6-197,44,40.96
0.792891458270751,0.0468028925333533,0.709003605070813,0.894092398220736,gp6-2,62,58.96
0.75864231436748,0.043973207742231,0.676258749488255,0.849843457456638,gp6-20,42,38.96
0.816552445121945,0.0496387563638904,0.716556962323566,0.914118858467606,gp6-21,49,45.96
0.842445792259493,0.051483440174185,0.747086783093263,0.951876139278142,gp6-22,52,48.96
0.791864991720011,0.0500585215665435,0.700281427020273,0.897864164977687,gp6-23,73,69.96
0.758987878609415,0.0442855176992176,0.675273458335898,0.850083066316707,gp6-24,71,67.96
0.774315859889288,0.0462334210747476,0.689096971401149,0.871172567972039,gp6-25,72,68.96
0.678094634908089,0.0461835162486005,0.580517785197345,0.764287245655081,gp6-26,30,26.96
0.774536179138743,0.0460982445263637,0.685372463793809,0.868627558726554,gp6-27,44,40.96
0.785033747909374,0.0495613297695171,0.700004180412974,0.89693073307732,gp6-28,63,59.96
0.811539156287787,0.0562771848092738,0.709106613645299,0.930545203255127,gp6-29,74,70.96
0.806070904506031,0.0489915260771385,0.706902640703229,0.902812356106706,gp6-3,60,56.96
0.656341609929614,0.0450153283778803,0.581315038218278,0.764584441843016,gp6-30,24,20.96
0.707991329604815,0.0444562322862911,0.625993760880782,0.801541514739387,gp6-31,34,30.96
0.758987878609415,0.0442855176992176,0.675273458335898,0.850083066316707,gp6-32,71,67.96
0.785033747909374,0.0495613297695171,0.700004180412974,0.89693073307732,gp6-33,63,59.96
0.847366520375642,0.054801420280938,0.751620860744962,0.970482743294076,gp6-34,56,52.96
0.791864991720011,0.0500585215665435,0.700281427020273,0.897864164977687,gp6-35,73,69.96
0.801174511037747,0.048340217127995,0.706209956197771,0.898419010523564,gp6-36,47,43.96
0.72113478533067,0.0450200992906206,0.640455293248633,0.818653195194774,gp6-37,36,32.96
0.733722335779149,0.0447673508668138,0.654433903136475,0.830730759335309,gp6-38,38,34.96
0.750060294408496,0.0460567401076649,0.659851968124577,0.842105525572486,gp6-39,66,62.96
0.854821762754189,0.0593362113583849,0.756559808061916,0.995967430444651,gp6-4,54,50.96
0.746866520006943,0.0451923662399822,0.657403251938905,0.836750223650375,gp6-40,70,66.96
0.889747434296622,0.100412540374715,0.709547991051666,1.10150722512478,gp6-41,77,73.96
0.825263794675497,0.0503974804919116,0.725563978510956,0.926864156758661,gp6-42,58,54.96
0.672768084102087,0.0474456470371394,0.569680970009385,0.760102376100213,gp6-43,29,25.96
0.791864991720011,0.0500585215665435,0.700281427020273,0.897864164977687,gp6-44,73,69.96
0.791864991720011,0.0500585215665435,0.700281427020273,0.897864164977687,gp6-45,73,69.96
0.746866520006943,0.0451923662399822,0.657403251938905,0.836750223650375,gp6-46,70,66.96
0.808981514708916,0.0488860818146259,0.711686037446342,0.90616823209825,gp6-47,48,44.96
0.836894331508866,0.0503621324194173,0.742530271441904,0.943087049733242,gp6-48,57,53.96
0.850331745954149,0.0548802516334465,0.753887326757527,0.97380836227773,gp6-49,53,49.96
0.752059910834662,0.0435570488677261,0.672248372946108,0.844123292794812,gp6-5,41,37.96
0.752059910834662,0.0435570488677261,0.672248372946108,0.844123292794812,gp6-50,41,37.96
0.774315859889288,0.0462334210747476,0.689096971401149,0.871172567972039,gp6-51,72,68.96
0.727437219431662,0.0449698332051948,0.647630794522068,0.825077372004732,gp6-52,37,33.96
0.774499911638531,0.0491164470938143,0.689397773617144,0.885184595488233,gp6-53,64,60.96
0.774315859889288,0.0462334210747476,0.689096971401149,0.871172567972039,gp6-54,72,68.96
0.791864991720011,0.0500585215665435,0.700281427020273,0.897864164977687,gp6-55,73,69.96
0.811539156287787,0.0562771848092738,0.709106613645299,0.930545203255127,gp6-56,74,70.96
0.741221905792053,0.0485579822946726,0.637360115557468,0.83333912087155,gp6-57,67,63.96
0.685027442192144,0.044657688924635,0.593551668113106,0.770175116094301,gp6-58,31,27.96
0.814659480041597,0.0511156238647249,0.708196279499092,0.91460404165547,gp6-59,59,55.96
0.785033747909374,0.0495613297695171,0.700004180412974,0.89693073307732,gp6-6,63,59.96
0.791864991720011,0.0500585215665435,0.700281427020273,0.897864164977687,gp6-60,73,69.96
0.833371700245364,0.0506842234235578,0.734655588399542,0.93608358874626,gp6-61,51,47.96
0.833371700245364,0.0506842234235578,0.734655588399542,0.93608358874626,gp6-62,51,47.96
0.801174511037747,0.048340217127995,0.706209956197771,0.898419010523564,gp6-63,47,43.96
0.859872859449788,0.0807225624698558,0.712267425795604,1.02868927636003,gp6-64,76,72.96
0.752059910834662,0.0435570488677261,0.672248372946108,0.844123292794812,gp6-65,41,37.96
0.853940584681964,0.0597128672104352,0.75600622734055,0.996092337260642,gp6-66,55,51.96
0.774315859889288,0.0462334210747476,0.689096971401149,0.871172567972039,gp6-67,72,68.96
0.847366520375642,0.054801420280938,0.751620860744962,0.970482743294076,gp6-68,56,52.96
0.811539156287787,0.0562771848092738,0.709106613645299,0.930545203255127,gp6-69,74,70.96
0.785033747909374,0.0495613297695171,0.700004180412974,0.89693073307732,gp6-7,63,59.96
0.75864231436748,0.043973207742231,0.676258749488255,0.849843457456638,gp6-70,42,38.96
0.824576736095392,0.050419420312153,0.72364417279211,0.92428262860327,gp6-71,50,46.96
0.806070904506031,0.0489915260771385,0.706902640703229,0.902812356106706,gp6-72,60,56.96
0.792669489855403,0.0476501921345032,0.699991254020134,0.889617179106888,gp6-73,46,42.96
0.961306483326633,0.162004983177204,0.684236227993622,1.31589466331702,gp6-74,79,75.96
0.859872859449788,0.0807225624698558,0.712267425795604,1.02868927636003,gp6-75,76,72.96
0.961306483326633,0.162004983177204,0.684236227993622,1.31589466331702,gp6-76,79,75.96
0.799263190274833,0.0460806160375568,0.712006853417996,0.894846836557806,gp6-77,61,57.96
0.737379235842447,0.0498232063886585,0.626860516274568,0.830234929122497,gp6-78,68,64.96
0.791864991720011,0.0500585215665435,0.700281427020273,0.897864164977687,gp6-79,73,69.96
0.737379235842447,0.0498232063886585,0.626860516274568,0.830234929122497,gp6-8,68,64.96
0.854821762754189,0.0593362113583849,0.756559808061916,0.995967430444651,gp6-80,54,50.96
0.746866520006943,0.0451923662399822,0.657403251938905,0.836750223650375,gp6-81,70,66.96
0.774499911638531,0.0491164470938143,0.689397773617144,0.885184595488233,gp6-82,64,60.96
0.774315859889288,0.0462334210747476,0.689096971401149,0.871172567972039,gp6-83,72,68.96
0.825263794675497,0.0503974804919116,0.725563978510956,0.926864156758661,gp6-84,58,54.96
0.792669489855403,0.0476501921345032,0.699991254020134,0.889617179106888,gp6-85,46,42.96
0.889747434296622,0.100412540374715,0.709547991051666,1.10150722512478,gp6-86,77,73.96
0.672768084102087,0.0474456470371394,0.569680970009385,0.760102376100213,gp6-87,29,25.96
0.745961395833298,0.0439476105309289,0.666540154844293,0.840267217064606,gp6-88,40,36.96
0.801174511037747,0.048340217127995,0.706209956197771,0.898419010523564,gp6-89,47,43.96
0.799263190274833,0.0460806160375568,0.712006853417996,0.894846836557806,gp6-9,61,57.96
0.850331745954149,0.0548802516334465,0.753887326757527,0.97380836227773,gp6-90,53,49.96
0.792669489855403,0.0476501921345032,0.699991254020134,0.889617179106888,gp6-91,46,42.96
0.799263190274833,0.0460806160375568,0.712006853417996,0.894846836557806,gp6-92,61,57.96
0.774536179138743,0.0460982445263637,0.685372463793809,0.868627558726554,gp6-93,44,40.96
0.746866520006943,0.0451923662399822,0.657403251938905,0.836750223650375,gp6-94,70,66.96
0.825263794675497,0.0503974804919116,0.725563978510956,0.926864156758661,gp6-95,58,54.96
0.783596654509839,0.0468857153195321,0.692637778223738,0.878509514424752,gp6-96,45,41.96
0.762039312448531,0.0462842059541213,0.677266480592731,0.860038210955163,gp6-97,65,61.96
0.808981514708916,0.0488860818146259,0.711686037446342,0.90616823209825,gp6-98,48,44.96
0.762039312448531,0.0462842059541213,0.677266480592731,0.860038210955163,gp6-99,65,61.96
0.618298584801324,0.0183657762756751,0.586390677816662,0.65952979275009,gshJKDx2,14.16,11.12
0.601362127243214,0.0192218978079067,0.565068436409583,0.640877406211772,h15gBYdJ,15.82,12.78
1.58562345795204,0.084945577580163,1.42891542249691,1.76240974703796,h2qWGKse,4.16,1.12
0.625588183636082,0.0186056812333757,0.593889784899888,0.668514849159744,h53yRaqv,13.7,10.66
1.5432299014608,0.0785222123394341,1.39832722854009,1.70690903823357,h93ecmtZ,4.32,1.28
0.679053483794031,0.0172956819712038,0.647756477418988,0.716221738656717,hLXsmYk6,11.55,8.51
0.878196053899852,0.0276497098688104,0.816237949812031,0.927267325291617,hSSk2Vaf,8.22,5.18
1.23678188249241,0.0409252879611949,1.15987064096434,1.32081596368837,hTTcbwWr,5.67,2.63
0.597315286382281,0.0228135492325816,0.551244571448619,0.641898956447719,hUEXC4Dh,17.11,14.07
0.673075020565988,0.0174952027556361,0.641857311336022,0.711419916636173,hi9ALm3U,11.73,8.69
1.1577443356675,0.0351795243680441,1.08991974766461,1.22857722404736,hkgtxF49,6.1,3.06
0.651709143338756,0.0183608540819526,0.620324415762081,0.694254578803625,ht82DdWn,12.47,9.43
0.866010515324787,0.0271308134671285,0.805606887279107,0.914246297690621,i1yWde18,8.35,5.31
1.30756401372767,0.0478966853813783,1.21855443170214,1.40687770321153,i2Bg8DkD,5.32,2.28
0.598573660121913,0.0206854756005346,0.558248922281334,0.640041783903268,i37WDVYk,16.41,13.37
1.05677808387374,0.0313329687456157,0.991921775111467,1.11673547271211,i9fhP7e6,6.73,3.69
0.59799082622261,0.0212724988602043,0.556109917591519,0.640204157690659,iR5YrTGT,16.61,13.57
0.660635807348734,0.018001258841879,0.629335378706798,0.701645342538131,icBvhyMc,12.14,9.1
0.717681540973572,0.0174355843371175,0.684294552353179,0.752847092727929,k9Rsy3wg,10.58,7.54
0.789526757093522,0.0223689914609322,0.742488080747918,0.831240194151987,kAPYTJ4H,9.31,6.27
0.630077897118635,0.0186942271222304,0.598460769458452,0.673883671658822,kFAAgDFn,13.45,10.41
1.84518736745164,0.134462670556444,1.6023147684808,2.12838291242965,kHQ2Tk69,3.27,0.23
0.604674172239898,0.018496473094647,0.570440008407733,0.643508348683843,kenrWsiC,15.36,12.32
0.668959137209913,0.0176536613470544,0.637669419184293,0.708248049458622,kg4v2zdn,11.86,8.82
0.690537991523192,0.0170564509038902,0.658994238599725,0.726087849044806,khY4v43i,11.23,8.19
0.597707865413058,0.02427445811302,0.54763017392892,0.644509424095836,knfZ4HYT,17.6,14.56
0.866930996271317,0.0271722797252744,0.806398903668601,0.915228849814902,kzk12BHR,8.34,5.3
0.72670803614719,0.0178401861364701,0.692276179097519,0.762245855878771,m9CKG4NN,10.39,7.35
0.752610038070259,0.0195079403416303,0.713940312818734,0.790346909632492,mLkBJGGf,9.9,6.86
0.693591085967635,0.0170308833306373,0.661922343992404,0.729004047996676,mYQGJXzG,11.15,8.11
0.65978600640624,0.0180371874377792,0.628482406279466,0.70111009097819,mpyoU5K7,12.17,9.13
0.759579678615637,0.020033537471008,0.719469309786196,0.798054037806059,msfaKbAg,9.78,6.74
0.627160203114326,0.0186431936787691,0.595500341580524,0.670454075829945,oDNS6bik,13.61,10.57
0.597671802999612,0.021729007964135,0.554592965112151,0.640523172974243,oebV8AZf,16.76,13.72
0.717221090697994,0.0174182371232823,0.68391759604223,0.752387648792174,oiX7z3vz,10.59,7.55
0.737326417180616,0.0184506912382746,0.701457999990268,0.773647675947425,os1gEvaZ,10.18,7.14
0.633553981448183,0.018721811645551,0.601993837361409,0.67757837993097,p3JFbQPJ,13.27,10.23
0.604674172239898,0.018496473094647,0.570440008407733,0.643508348683843,pRXbYqgw,15.36,12.32
0.597362222972297,0.022503638042133,0.552101943575997,0.641407267076207,pThKALoC,17.01,13.97
0.633355360825146,0.0187212140775451,0.601800963150692,0.677360492785977,pcDhCBP6,13.28,10.24
0.598055591267569,0.0247153906649714,0.546665820526121,0.645607032120758,pmnYeybf,17.76,14.72
0.685373535102534,0.0171374782480891,0.653953960080423,0.721521256527915,pmzyDg9s,11.37,8.33
0.670522661486889,0.017591855002662,0.639229121101517,0.709367691946756,pqySMepv,11.81,8.77
0.626630729456138,0.0186313081212622,0.594906997217267,0.669787385308629,prbAah1z,13.64,10.6
0.719071520408522,0.0174899886513594,0.685538926185703,0.75427915784073,q51ddQEf,10.55,7.51
0.623403344911895,0.0185431713179581,0.59169378978648,0.665758989714592,qHGwhho2,13.83,10.79
0.697117428796267,0.017022875660087,0.665285807647075,0.732368559030914,qLie8CAw,11.06,8.02
0.651197021927536,0.0183795005628348,0.619817547991463,0.693844423777329,qYaBWhJ8,12.49,9.45
0.640044349653237,0.0186793806005598,0.608572863945587,0.683974986950852,rFziMY6f,12.96,9.92
0.618009032055685,0.0183552709478842,0.586077349128793,0.659128029845884,rGTbiN6c,14.18,11.14
0.619629262494734,0.0184142118951062,0.587779692764839,0.661187602086825,rJ5S7ZbN,14.07,11.03
0.598820538794186,0.0204881750838561,0.55898679919403,0.639898804688203,rSJMHwQG,16.34,13.3
0.663820093295662,0.0178662672036053,0.632594685757552,0.704133227373546,rnkdP4B3,12.03,8.99
0.615502338887552,0.0182686208725402,0.5833704199912,0.65603770695126,tSdZKWxr,14.36,11.32
0.597745506778104,0.0243307859808161,0.547462794673163,0.64464076330313,tX6SzfHd,17.62,14.58
0.663233048551909,0.0178911073686335,0.632001843142551,0.703716675139497,tuNqV8Pa,12.05,9.01
0.684653830959049,0.0171523652960221,0.653219028327009,0.720871737524555,u29ZnZDM,11.39,8.35
0.650182327592065,0.0184154934948104,0.618790883419091,0.692953747693901,uBSTH6Qn,12.53,9.49
0.607487119468668,0.0182472069874822,0.574182405867606,0.646428536076468,uQFJF6Uf,15.05,12.01
0.679395458494904,0.0172856174309483,0.648080022894329,0.716498089637115,uepEFbFn,11.54,8.5
0.61418588592662,0.018229582294312,0.582017408436367,0.654547839949254,vUovL5f2,14.46,11.42
0.655653500062453,0.0182083380240696,0.624368478035142,0.697743890630508,vqQTCmV1,12.32,9.28
0.623076092121856,0.0185328894827442,0.591354276023723,0.665387246112234,wJRCPWbr,13.85,10.81
0.626106733263159,0.0186187895819557,0.594411168324505,0.669062846155708,wZNYgTAE,13.67,10.63
0.641153391870016,0.0186609460036448,0.609723559532359,0.685039193090678,wd9tmtzr,12.91,9.87
0.661206740373469,0.0179770609259278,0.629910661709005,0.702067688354199,wdke9Fmr,12.12,9.08
0.597309063623611,0.0230599220595293,0.550438844696501,0.642224196113617,wz53yRyF,17.19,14.15
0.600446047359729,0.0195677699912998,0.563135975911093,0.640432481621311,x2yVDae8,15.98,12.94
0.653526934974976,0.0182923459455539,0.62215639931348,0.695879783382102,x5nukG9B,12.4,9.36
0.597958706203275,0.0246072994359361,0.54687837661938,0.645349354641531,xJqHeHaz,17.72,14.68
0.631597084426047,0.0187107645671097,0.600013352247748,0.675552321551357,xszJEuuZ,13.37,10.33
0.614969294496756,0.0182520406503371,0.582832364315265,0.655331992921798,xxTiiAhk,14.4,11.36
0.613296237787677,0.0182075694865318,0.581038183492769,0.653359486993519,y4PPdf3e,14.53,11.49
0.624231783436108,0.0185681839501103,0.592534251465007,0.66692328537291,yGGmW95z,13.78,10.74
0.626455456988992,0.0186272035007984,0.594724572145534,0.669559588812441,zKkmiGUH,13.65,10.61
0.619931162701464,0.0184251339291055,0.588097989724629,0.66157263220191,zSVqu2ML,14.05,11.01
