subj_id,gender,age_group,age,age_centered,trial_nr,symmetric_position,target_position,eye_radius,eye_center_left_x,eye_center_right_x,eye_center_left_y,eye_center_right_y,pupil_final_left_x,pupil_final_right_x,pupil_final_left_y,pupil_final_right_y,target_center_x,target_center_y,click_scaled_x,click_dist_from_target_center_x,click_dist_balloons
gp1-1,f,30,37,19,5,3,3,37.28,872.12,1045.89,937.8,937.8,859.29,1029.21,912.1,914.42,467.2,126.67,471.25,4.05,0.03
gp1-1,f,30,37,19,6,1,5,45.1,882.92,1041.46,871.69,871.69,882.08,1033.42,836.85,837.77,864.91,126.67,805.01,-59.9,0.37
gp1-1,f,30,37,19,7,1,6,45.1,882.92,1041.46,871.69,871.69,889.45,1040.69,837.45,836.84,1025.08,126.67,967.51,-57.58,0.36
gp1-1,f,30,37,19,8,4,2,42.48,854.99,1059.5,923.25,923.25,838.99,1038.76,894.57,897.79,410.54,126.67,256.25,-154.29,0.96
gp1-1,f,30,37,19,9,5,1,37.28,872.12,1045.89,937.8,937.8,853.57,1024.99,915.87,918.09,185.79,126.67,100,-85.79,0.54
gp1-1,f,30,37,19,10,5,10,45.1,882.92,1041.46,871.69,871.69,909.84,1066.15,849.55,847.09,1789.07,126.67,1738.76,-50.31,0.31
gp1-1,f,30,37,19,11,2,4,42.48,854.99,1059.5,923.25,923.25,851.45,1048.24,890.6,892.4,768.7,126.67,712.51,-56.2,0.35
gp1-1,f,30,37,19,12,2,7,37.28,872.12,1045.89,937.8,937.8,884.35,1053.02,911.81,909.97,1253.76,126.67,1371.26,117.5,0.73
gp1-1,f,30,37,19,13,4,9,45.1,882.92,1041.46,871.69,871.69,906.54,1061.61,846.06,843.25,1569.27,126.67,1581.26,11.99,0.07
gp1-1,f,30,37,19,14,2,4,42.48,854.99,1059.5,923.25,923.25,851.45,1048.24,890.6,892.4,768.7,126.67,736.26,-32.45,0.2
gp1-1,f,30,37,19,15,1,6,37.28,872.12,1045.89,937.8,937.8,877.44,1045.15,909.57,909.08,1025.08,126.67,1072.51,47.42,0.3
gp1-1,f,30,37,19,16,3,8,37.28,872.12,1045.89,937.8,937.8,889.17,1059.21,914.68,912.35,1470.53,126.67,1550.01,79.49,0.5
gp1-1,f,30,37,19,17,3,3,45.1,882.92,1041.46,871.69,871.69,865.94,1020.18,841.25,844.08,467.2,126.67,256.25,-210.95,1.32
gp1-1,f,30,37,19,18,2,7,42.48,854.99,1059.5,923.25,923.25,869.69,1067.28,893.88,891.34,1253.76,126.67,1290.01,36.25,0.23
gp1-1,f,30,37,19,19,4,2,42.48,854.99,1059.5,923.25,923.25,838.99,1038.76,894.57,897.79,410.54,126.67,381.25,-29.29,0.18
gp1-2,f,40,49,31,5,3,3,42.48,854.99,1059.5,923.25,923.25,843.43,1041.94,892.51,895.49,555.53,126.67,659.07,103.54,0.65
gp1-2,f,40,49,31,6,3,8,37.28,872.12,1045.89,937.8,937.8,887.35,1056.81,913.44,911.23,1379.13,126.67,1273.61,-105.53,0.66
gp1-2,f,40,49,31,7,2,7,42.48,854.99,1059.5,923.25,923.25,866.15,1062.92,892.36,890.58,1142.81,126.67,958.6,-184.2,1.15
gp1-2,f,40,49,31,8,5,10,45.1,882.92,1041.46,871.69,871.69,909.82,1066.12,849.53,847.06,1787.46,126.67,1154.07,-633.39,3.96
gp1-2,f,40,49,31,9,2,4,37.28,872.12,1045.89,937.8,937.8,866.89,1035.24,909.55,911.12,722,126.67,756.1,34.1,0.21
gp1-2,f,40,49,31,10,4,2,37.28,872.12,1045.89,937.8,937.8,857,1027.5,913.38,915.73,369.95,126.67,611.26,241.31,1.51
gp1-2,f,40,49,31,11,1,5,42.48,854.99,1059.5,923.25,923.25,858.87,1055.02,890.64,890.71,949.8,126.67,955.79,5.99,0.04
gp1-2,f,40,49,31,12,1,6,45.1,882.92,1041.46,871.69,871.69,888.84,1040.05,837.34,836.86,1011.23,126.67,979.7,-31.54,0.2
gp1-2,f,40,49,31,13,5,1,42.48,854.99,1059.5,923.25,923.25,833.5,1034.98,898.41,901.4,165.83,126.67,567.67,401.83,2.51
gp1-2,f,40,49,31,14,4,2,37.28,872.12,1045.89,937.8,937.8,857,1027.5,913.38,915.73,369.95,126.67,536.73,166.78,1.04
gp1-2,f,40,49,31,15,2,4,45.1,882.92,1041.46,871.69,871.69,875.56,1027.72,837.62,839.66,722,126.67,829.23,107.23,0.67
gp1-2,f,40,49,31,16,5,1,45.1,882.92,1041.46,871.69,871.69,858.75,1014.91,846.58,849.1,165.83,126.67,502.98,337.15,2.11
gp1-2,f,40,49,31,17,1,6,37.28,872.12,1045.89,937.8,937.8,876.98,1044.66,909.49,909.1,1011.23,126.67,940.32,-70.91,0.44
gp1-2,f,40,49,31,18,3,3,42.48,854.99,1059.5,923.25,923.25,843.43,1041.94,892.51,895.49,555.53,126.67,605.63,50.1,0.31
gp1-2,f,40,49,31,19,4,9,45.1,882.92,1041.46,871.69,871.69,906.03,1060.92,845.6,842.77,1542.79,126.67,1249.7,-293.09,1.83
gp1-3,f,20,22,4,5,4,9,37.28,872.12,1045.89,937.8,937.8,891.26,1062.03,916.38,914.04,1597.05,126.67,1596.01,-1.04,0.01
gp1-3,f,20,22,4,6,5,1,45.1,882.92,1041.46,871.69,871.69,859.03,1015.12,846.31,848.86,181.82,126.67,110,-71.82,0.45
gp1-3,f,20,22,4,7,5,10,37.28,872.12,1045.89,937.8,937.8,892.31,1063.47,917.37,915.08,1673.54,126.67,1508.01,-165.53,1.03
gp1-3,f,20,22,4,8,4,2,45.1,882.92,1041.46,871.69,871.69,860.72,1016.35,844.82,847.52,267.47,126.67,312,44.53,0.28
gp1-3,f,20,22,4,9,2,7,42.48,854.99,1059.5,923.25,923.25,869.15,1066.6,893.62,891.18,1235.76,126.67,1253.01,17.25,0.11
gp1-3,f,20,22,4,10,3,3,45.1,882.92,1041.46,871.69,871.69,864.89,1019.4,841.86,844.7,432.54,126.67,447,14.47,0.09
gp1-3,f,20,22,4,11,2,4,42.48,854.99,1059.5,923.25,923.25,849.33,1046.48,890.9,893.1,715.6,126.67,633.01,-82.59,0.52
gp1-3,f,20,22,4,12,1,6,37.28,872.12,1045.89,937.8,937.8,880.73,1048.75,910.4,909.22,1126.98,126.67,1029.01,-97.97,0.61
gp1-3,f,20,22,4,13,1,5,42.48,854.99,1059.5,923.25,923.25,858.11,1054.27,890.55,890.83,930.98,126.67,928.01,-2.97,0.02
gp1-3,f,20,22,4,14,3,8,37.28,872.12,1045.89,937.8,937.8,886.83,1056.13,913.12,910.96,1355.54,126.67,1218.01,-137.53,0.86
gp1-3,f,20,22,4,15,5,1,45.1,882.92,1041.46,871.69,871.69,859.03,1015.12,846.31,848.86,181.82,126.67,140,-41.82,0.26
gp1-3,f,20,22,4,16,2,7,37.28,872.12,1045.89,937.8,937.8,883.87,1052.44,911.59,909.83,1235.76,126.67,1217.01,-18.75,0.12
gp1-3,f,20,22,4,17,2,4,45.1,882.92,1041.46,871.69,871.69,875.28,1027.49,837.68,839.76,715.6,126.67,672.01,-43.59,0.27
gp1-3,f,20,22,4,18,1,6,42.48,854.99,1059.5,923.25,923.25,865.6,1062.27,892.17,890.52,1126.98,126.67,1063.01,-63.97,0.4
gp1-3,f,20,22,4,19,5,10,42.48,854.99,1059.5,923.25,923.25,878.53,1079.55,900.34,897.24,1673.54,126.67,1571.01,-102.53,0.64
gp1-4,f,30,38,20,5,2,7,42.48,854.99,1059.5,923.25,923.25,868.77,1066.12,893.44,891.08,1223.34,126.67,1358.79,135.46,0.85
gp1-4,f,30,38,20,6,4,9,37.28,872.12,1045.89,937.8,937.8,890.64,1061.19,915.84,913.49,1556.23,126.67,1680.03,123.8,0.77
gp1-4,f,30,38,20,7,1,6,45.1,882.92,1041.46,871.69,871.69,893.28,1044.88,838.41,837,1114.96,126.67,1048.64,-66.32,0.41
gp1-4,f,30,38,20,8,3,3,42.48,854.99,1059.5,923.25,923.25,841.62,1040.62,893.25,896.37,500.1,126.67,300.94,-199.16,1.24
gp1-4,f,30,38,20,9,3,8,37.28,872.12,1045.89,937.8,937.8,888.06,1057.74,913.9,911.63,1413.19,126.67,1596.95,183.76,1.15
gp1-4,f,30,38,20,10,2,4,42.48,854.99,1059.5,923.25,923.25,849.5,1046.62,890.87,893.04,720,126.67,619.4,-100.59,0.63
gp1-4,f,30,38,20,11,5,1,37.28,872.12,1045.89,937.8,937.8,853.43,1024.89,915.99,918.2,177.11,126.67,98.78,-78.33,0.49
gp1-4,f,30,38,20,12,4,2,45.1,882.92,1041.46,871.69,871.69,863.87,1018.65,842.5,845.34,396.58,126.67,156.94,-239.64,1.5
gp1-4,f,30,38,20,13,5,10,42.48,854.99,1059.5,923.25,923.25,879.55,1081.06,901.45,898.47,1752.42,126.67,1807.41,55,0.34
gp1-4,f,30,38,20,14,3,3,37.28,872.12,1045.89,937.8,937.8,860.14,1029.85,911.69,913.97,500.1,126.67,162.48,-337.62,2.11
gp1-4,f,30,38,20,15,2,7,45.1,882.92,1041.46,871.69,871.69,897.41,1049.73,839.99,837.83,1223.34,126.67,1292.33,68.99,0.43
gp1-4,f,30,38,20,16,1,6,42.48,854.99,1059.5,923.25,923.25,865.18,1061.78,892.03,890.49,1114.96,126.67,1128.95,13.99,0.09
gp1-4,f,30,38,20,17,4,9,45.1,882.92,1041.46,871.69,871.69,906.29,1061.27,845.83,843.01,1556.23,126.67,1425.26,-130.97,0.82
gp1-4,f,30,38,20,18,5,10,37.28,872.12,1045.89,937.8,937.8,893.24,1064.76,918.33,916.14,1752.42,126.67,1746.49,-5.93,0.04
gp1-4,f,30,38,20,19,3,8,45.1,882.92,1041.46,871.69,871.69,903.13,1057.02,843.29,840.5,1413.19,126.67,1270.18,-143.01,0.89
gp1-5,m,30,37,19,5,2,7,45.1,882.92,1041.46,871.69,871.69,896.76,1048.94,839.7,837.65,1205.14,126.67,1211.01,5.87,0.04
gp1-5,m,30,37,19,6,5,10,37.28,872.12,1045.89,937.8,937.8,893.33,1064.87,918.42,916.24,1759.92,126.67,1540.01,-219.91,1.37
gp1-5,m,30,37,19,7,2,4,42.48,854.99,1059.5,923.25,923.25,845.7,1043.64,891.75,894.49,620.11,126.67,431,-189.1,1.18
gp1-5,m,30,37,19,8,1,5,45.1,882.92,1041.46,871.69,871.69,883.18,1034.44,836.84,837.55,888.37,126.67,882.01,-6.37,0.04
gp1-5,m,30,37,19,9,5,1,37.28,872.12,1045.89,937.8,937.8,853.87,1025.21,915.62,917.86,204.91,126.67,269,64.09,0.4
gp1-5,m,30,37,19,10,4,9,45.1,882.92,1041.46,871.69,871.69,906.19,1061.13,845.74,842.92,1550.91,126.67,1416.01,-134.9,0.84
gp1-5,m,30,37,19,11,3,8,42.48,854.99,1059.5,923.25,923.25,872.66,1071.2,895.56,892.56,1363.25,126.67,1367.01,3.76,0.02
gp1-5,m,30,37,19,12,1,6,37.28,872.12,1045.89,937.8,937.8,879.28,1047.13,909.98,909.1,1080.91,126.67,1102.01,21.1,0.13
gp1-5,m,30,37,19,13,3,3,37.28,872.12,1045.89,937.8,937.8,860.31,1029.98,911.61,913.88,506.42,126.67,317,-189.41,1.18
gp1-5,m,30,37,19,14,3,3,45.1,882.92,1041.46,871.69,871.69,867.2,1021.13,840.58,843.38,506.42,126.67,337,-169.41,1.06
gp1-5,m,30,37,19,15,3,8,42.48,854.99,1059.5,923.25,923.25,872.66,1071.2,895.56,892.56,1363.25,126.67,1335.01,-28.24,0.18
gp1-5,m,30,37,19,16,1,6,37.28,872.12,1045.89,937.8,937.8,879.28,1047.13,909.98,909.1,1080.91,126.67,1078.01,-2.9,0.02
gp1-5,m,30,37,19,17,5,1,45.1,882.92,1041.46,871.69,871.69,859.46,1015.43,845.91,848.51,204.91,126.67,231,26.09,0.16
gp1-5,m,30,37,19,18,5,10,42.48,854.99,1059.5,923.25,923.25,879.64,1081.19,901.55,898.59,1759.92,126.67,1676.01,-83.91,0.52
gp1-5,m,30,37,19,19,1,5,45.1,882.92,1041.46,871.69,871.69,883.18,1034.44,836.84,837.55,888.37,126.67,903.01,14.63,0.09
gp1-6,f,20,25,7,5,5,10,45.1,882.92,1041.46,871.69,871.69,908.27,1063.99,847.77,845.09,1672.49,126.67,1518.01,-154.47,0.97
gp1-6,f,20,25,7,6,3,8,42.48,854.99,1059.5,923.25,923.25,872.58,1071.09,895.51,892.52,1359.98,126.67,1250.41,-109.57,0.68
gp1-6,f,20,25,7,7,2,4,37.28,872.12,1045.89,937.8,937.8,866.37,1034.8,909.66,911.3,706.29,126.67,756.01,49.71,0.31
gp1-6,f,20,25,7,8,1,6,42.48,854.99,1059.5,923.25,923.25,861.97,1058.21,891.16,890.43,1028.15,126.67,951.61,-76.54,0.48
gp1-6,f,20,25,7,9,4,2,45.1,882.92,1041.46,871.69,871.69,861.66,1017.03,844.07,846.83,309.58,126.67,601.21,291.63,1.82
gp1-6,f,20,25,7,10,5,1,37.28,872.12,1045.89,937.8,937.8,853.81,1025.17,915.67,917.9,201.17,126.67,279.6,78.43,0.49
gp1-6,f,20,25,7,11,4,9,45.1,882.92,1041.46,871.69,871.69,907.67,1063.17,847.15,844.42,1634.51,126.67,1574.42,-60.1,0.38
gp1-6,f,20,25,7,12,1,5,42.48,854.99,1059.5,923.25,923.25,858.1,1054.26,890.55,890.83,930.73,126.67,936.01,5.28,0.03
gp1-6,f,20,25,7,13,2,7,37.28,872.12,1045.89,937.8,937.8,885.03,1053.86,912.14,910.2,1280.19,126.67,1350.01,69.82,0.44
gp1-6,f,20,25,7,14,4,9,45.1,882.92,1041.46,871.69,871.69,907.67,1063.17,847.15,844.42,1634.51,126.67,1579.22,-55.3,0.35
gp1-6,f,20,25,7,15,5,10,42.48,854.99,1059.5,923.25,923.25,878.51,1079.53,900.33,897.22,1672.49,126.67,1634.42,-38.07,0.24
gp1-6,f,20,25,7,16,1,5,45.1,882.92,1041.46,871.69,871.69,885.15,1036.34,836.91,837.21,930.73,126.67,968.41,37.68,0.24
gp1-6,f,20,25,7,17,3,3,42.48,854.99,1059.5,923.25,923.25,843.87,1042.26,892.35,895.29,568.32,126.67,765.61,197.29,1.23
gp1-6,f,20,25,7,18,3,8,37.28,872.12,1045.89,937.8,937.8,886.93,1056.26,913.18,911.01,1359.98,126.67,1257.61,-102.37,0.64
gp1-6,f,20,25,7,19,1,6,37.28,872.12,1045.89,937.8,937.8,877.55,1045.26,909.59,909.08,1028.15,126.67,964.81,-63.34,0.4
gp1-7,m,20,22,4,5,4,9,37.28,872.12,1045.89,937.8,937.8,889.93,1060.23,915.26,912.91,1513.21,126.67,1684.01,170.8,1.07
gp1-7,m,20,22,4,6,4,2,42.48,854.99,1059.5,923.25,923.25,839.28,1038.96,894.41,897.62,421.13,126.67,250,-171.12,1.07
gp1-7,m,20,22,4,7,3,8,42.48,854.99,1059.5,923.25,923.25,875.4,1075.02,897.52,894.31,1486.65,126.67,1221.01,-265.64,1.66
gp1-7,m,20,22,4,8,5,1,37.28,872.12,1045.89,937.8,937.8,853.52,1024.96,915.91,918.12,183.2,126.67,282,98.8,0.62
gp1-7,m,20,22,4,9,2,4,45.1,882.92,1041.46,871.69,871.69,875.61,1027.77,837.61,839.64,723.21,126.67,701.01,-22.2,0.14
gp1-7,m,20,22,4,10,3,3,42.48,854.99,1059.5,923.25,923.25,841.7,1040.68,893.22,896.33,502.43,126.67,526,23.57,0.15
gp1-7,m,20,22,4,11,1,5,37.28,872.12,1045.89,937.8,937.8,871.13,1038.95,909.09,909.92,844.03,126.67,745.01,-99.02,0.62
gp1-7,m,20,22,4,12,5,10,45.1,882.92,1041.46,871.69,871.69,908.94,1064.91,848.5,845.9,1718.96,126.67,1345.01,-373.95,2.34
gp1-7,m,20,22,4,13,2,7,42.48,854.99,1059.5,923.25,923.25,867.22,1064.19,892.77,890.74,1174.45,126.67,1080.01,-94.44,0.59
gp1-7,m,20,22,4,14,5,10,37.28,872.12,1045.89,937.8,937.8,892.86,1064.23,917.93,915.69,1718.96,126.67,1352.01,-366.95,2.29
gp1-7,m,20,22,4,15,1,6,45.1,882.92,1041.46,871.69,871.69,892.19,1043.66,838.09,836.9,1088.51,126.67,926.01,-162.5,1.02
gp1-7,m,20,22,4,16,2,7,37.28,872.12,1045.89,937.8,937.8,882.15,1050.39,910.88,909.43,1174.45,126.67,987.01,-187.44,1.17
gp1-7,m,20,22,4,17,2,4,42.48,854.99,1059.5,923.25,923.25,849.63,1046.73,890.85,892.99,723.21,126.67,674.01,-49.2,0.31
gp1-7,m,20,22,4,18,3,3,45.1,882.92,1041.46,871.69,871.69,867.07,1021.03,840.65,843.45,502.43,126.67,628.01,125.57,0.78
gp1-7,m,20,22,4,19,1,5,45.1,882.92,1041.46,871.69,871.69,881.1,1032.53,836.88,838,844.03,126.67,957.01,112.98,0.71
gp1-8,f,60,63,45,5,4,2,42.48,854.99,1059.5,923.25,923.25,836.62,1037.12,896.02,899.22,317.64,126.67,790.67,473.03,2.96
gp1-8,f,60,63,45,6,5,10,45.1,882.92,1041.46,871.69,871.69,909.88,1066.2,849.6,847.14,1792.28,126.67,962.67,-829.61,5.19
gp1-8,f,60,63,45,7,3,3,37.28,872.12,1045.89,937.8,937.8,860.34,1030,911.6,913.87,507.5,126.67,633.33,125.83,0.79
gp1-8,f,60,63,45,8,2,4,45.1,882.92,1041.46,871.69,871.69,877.49,1029.35,837.26,839.01,765.46,126.67,934.67,169.21,1.06
gp1-8,f,60,63,45,9,5,1,42.48,854.99,1059.5,923.25,923.25,834.21,1035.47,897.81,900.86,204.29,126.67,700,495.71,3.1
gp1-8,f,60,63,45,10,3,8,42.48,854.99,1059.5,923.25,923.25,872.02,1070.35,895.17,892.25,1338.18,126.67,1186.67,-151.51,0.95
gp1-8,f,60,63,45,11,4,9,37.28,872.12,1045.89,937.8,937.8,892.07,1063.14,917.13,914.83,1654.83,126.67,1280,-374.83,2.34
gp1-8,f,60,63,45,12,1,5,45.1,882.92,1041.46,871.69,871.69,880.62,1032.09,836.91,838.12,833.57,126.67,922.67,89.09,0.56
gp1-8,f,60,63,45,13,2,7,42.48,854.99,1059.5,923.25,923.25,869.08,1066.5,893.58,891.16,1233.22,126.67,1097.33,-135.88,0.85
gp1-8,f,60,63,45,14,1,5,37.28,872.12,1045.89,937.8,937.8,870.76,1038.62,909.11,910.01,833.57,126.67,964,130.43,0.82
gp1-8,f,60,63,45,15,3,8,45.1,882.92,1041.46,871.69,871.69,901.09,1054.36,841.95,839.31,1338.18,126.67,1244,-94.18,0.59
gp1-8,f,60,63,45,16,2,4,37.28,872.12,1045.89,937.8,937.8,868.37,1036.5,909.32,910.65,765.46,126.67,868,102.54,0.64
gp1-8,f,60,63,45,17,5,10,45.1,882.92,1041.46,871.69,871.69,909.88,1066.2,849.6,847.14,1792.28,126.67,1276,-516.28,3.23
gp1-8,f,60,63,45,18,4,9,42.48,854.99,1059.5,923.25,923.25,878.26,1079.16,900.07,896.94,1654.83,126.67,1221.33,-433.49,2.71
gp1-8,f,60,63,45,19,3,3,37.28,872.12,1045.89,937.8,937.8,860.34,1030,911.6,913.87,507.5,126.67,777.33,269.83,1.69
gp1-9,f,40,46,28,5,2,7,42.48,854.99,1059.5,923.25,923.25,866.62,1063.47,892.53,890.65,1156.48,126.67,1202.29,45.81,0.29
gp1-9,f,40,46,28,6,3,8,37.28,872.12,1045.89,937.8,937.8,888.54,1058.38,914.23,911.93,1437.38,126.67,1481.14,43.77,0.27
gp1-9,f,40,46,28,7,4,2,42.48,854.99,1059.5,923.25,923.25,835.75,1036.51,896.63,899.79,279.02,126.67,393.14,114.13,0.71
gp1-9,f,40,46,28,8,1,5,37.28,872.12,1045.89,937.8,937.8,874.28,1041.94,909.16,909.35,933.21,126.67,979.43,46.22,0.29
gp1-9,f,40,46,28,9,3,3,45.1,882.92,1041.46,871.69,871.69,865.03,1019.51,841.77,844.61,437.51,126.67,520,82.49,0.52
gp1-9,f,40,46,28,10,5,10,37.28,872.12,1045.89,937.8,937.8,892.32,1063.48,917.37,915.09,1674.2,126.67,1699.43,25.23,0.16
gp1-9,f,40,46,28,11,1,6,42.48,854.99,1059.5,923.25,923.25,861.33,1057.53,891.02,890.47,1011.71,126.67,1052.57,40.86,0.26
gp1-9,f,40,46,28,12,5,1,45.1,882.92,1041.46,871.69,871.69,857.77,1014.2,847.56,849.97,106.55,126.67,308.57,202.02,1.26
gp1-9,f,40,46,28,13,2,4,42.48,854.99,1059.5,923.25,923.25,850.05,1047.07,890.78,892.85,733.75,126.67,621.71,-112.03,0.7
gp1-9,f,40,46,28,14,5,10,37.28,872.12,1045.89,937.8,937.8,892.32,1063.48,917.37,915.09,1674.2,126.67,1598.86,-75.34,0.47
gp1-9,f,40,46,28,15,2,4,45.1,882.92,1041.46,871.69,871.69,876.08,1028.15,837.51,839.48,733.75,126.67,588.57,-145.18,0.91
gp1-9,f,40,46,28,16,3,3,45.1,882.92,1041.46,871.69,871.69,865.03,1019.51,841.77,844.61,437.51,126.67,449.14,11.64,0.07
gp1-9,f,40,46,28,17,4,2,42.48,854.99,1059.5,923.25,923.25,835.75,1036.51,896.63,899.79,279.02,126.67,388.57,109.55,0.68
gp1-9,f,40,46,28,18,3,8,37.28,872.12,1045.89,937.8,937.8,888.54,1058.38,914.23,911.93,1437.38,126.67,1369.14,-68.23,0.43
gp1-9,f,40,46,28,19,5,1,37.28,872.12,1045.89,937.8,937.8,852.4,1024.15,916.91,919.03,106.55,126.67,345.14,238.59,1.49
gp1-10,f,30,39,21,5,1,5,45.1,882.92,1041.46,871.69,871.69,885.19,1036.37,836.91,837.21,931.57,126.67,988.7,57.13,0.36
gp1-10,f,30,39,21,6,3,3,37.28,872.12,1045.89,937.8,937.8,858.95,1028.95,912.27,914.6,453.56,126.67,726.69,273.12,1.71
gp1-10,f,30,39,21,7,5,10,42.48,854.99,1059.5,923.25,923.25,878.93,1080.14,900.76,897.7,1702.82,126.67,1428.89,-273.93,1.71
gp1-10,f,30,39,21,8,2,4,37.28,872.12,1045.89,937.8,937.8,863.54,1032.49,910.39,912.39,618.22,126.67,868.18,249.95,1.56
gp1-10,f,30,39,21,9,4,2,45.1,882.92,1041.46,871.69,871.69,864.77,1019.32,841.93,844.77,428.55,126.67,661.18,232.64,1.45
gp1-10,f,30,39,21,10,2,7,42.48,854.99,1059.5,923.25,923.25,871.33,1069.42,894.76,891.94,1311.9,126.67,1250.72,-61.18,0.38
gp1-10,f,30,39,21,11,5,1,45.1,882.92,1041.46,871.69,871.69,857.8,1014.22,847.53,849.94,108.19,126.67,718.83,610.64,3.82
gp1-10,f,30,39,21,12,4,9,37.28,872.12,1045.89,937.8,937.8,890.05,1060.39,915.36,913,1520.09,126.67,1355.53,-164.56,1.03
gp1-10,f,30,39,21,13,3,8,37.28,872.12,1045.89,937.8,937.8,889.21,1059.26,914.71,912.37,1472.39,126.67,1282.16,-190.22,1.19
gp1-10,f,30,39,21,14,3,3,42.48,854.99,1059.5,923.25,923.25,840.21,1039.62,893.92,897.11,453.56,126.67,792.19,338.63,2.12
gp1-10,f,30,39,21,15,2,4,45.1,882.92,1041.46,871.69,871.69,871.25,1024.24,838.85,841.38,618.22,126.67,800.05,181.83,1.14
gp1-10,f,30,39,21,16,1,6,45.1,882.92,1041.46,871.69,871.69,891.48,1042.87,837.9,836.86,1071.73,126.67,988.7,-83.02,0.52
gp1-10,f,30,39,21,17,1,5,37.28,872.12,1045.89,937.8,937.8,874.22,1041.88,909.15,909.36,931.57,126.67,978.22,46.65,0.29
gp1-10,f,30,39,21,18,5,1,42.48,854.99,1059.5,923.25,923.25,832.53,1034.32,899.29,902.16,108.19,126.67,765.99,657.8,4.11
gp1-10,f,30,39,21,19,4,2,45.1,882.92,1041.46,871.69,871.69,864.77,1019.32,841.93,844.77,428.55,126.67,755.51,326.96,2.04
gp1-11,m,30,35,17,5,3,3,42.48,854.99,1059.5,923.25,923.25,843.33,1041.87,892.54,895.54,552.6,126.67,633.11,80.52,0.5
gp1-11,m,30,35,17,6,2,4,37.28,872.12,1045.89,937.8,937.8,863.47,1032.44,910.41,912.42,615.9,126.67,748.32,132.42,0.83
gp1-11,m,30,35,17,7,4,9,37.28,872.12,1045.89,937.8,937.8,891.49,1062.35,916.59,914.26,1612.98,126.67,1652.65,39.67,0.25
gp1-11,m,30,35,17,8,5,1,45.1,882.92,1041.46,871.69,871.69,857.47,1013.98,847.88,850.25,86.57,126.67,676.32,589.75,3.69
gp1-11,m,30,35,17,9,2,7,42.48,854.99,1059.5,923.25,923.25,869.9,1067.55,893.99,891.41,1260.94,126.67,1396.33,135.39,0.85
gp1-11,m,30,35,17,10,5,10,37.28,872.12,1045.89,937.8,937.8,892.27,1063.42,917.33,915.04,1670.52,126.67,1413.61,-256.91,1.61
gp1-11,m,30,35,17,11,4,2,42.48,854.99,1059.5,923.25,923.25,835.59,1036.41,896.75,899.9,271.7,126.67,489.11,217.42,1.36
gp1-11,m,30,35,17,12,3,8,45.1,882.92,1041.46,871.69,871.69,900.48,1053.57,841.58,839.01,1317.55,126.67,1430.89,113.34,0.71
gp1-11,m,30,35,17,13,1,6,37.28,872.12,1045.89,937.8,937.8,877.61,1045.33,909.6,909.08,1029.98,126.67,1088.16,58.19,0.36
gp1-11,m,30,35,17,14,5,10,45.1,882.92,1041.46,871.69,871.69,908.24,1063.95,847.74,845.06,1670.52,126.67,1626.73,-43.79,0.27
gp1-11,m,30,35,17,15,5,1,42.48,854.99,1059.5,923.25,923.25,832.19,1034.09,899.61,902.44,86.57,126.67,477.59,391.03,2.44
gp1-11,m,30,35,17,16,1,5,37.28,872.12,1045.89,937.8,937.8,874.48,1042.14,909.17,909.32,939.08,126.67,1024.8,85.72,0.54
gp1-11,m,30,35,17,17,2,4,42.48,854.99,1059.5,923.25,923.25,845.55,1043.52,891.79,894.56,615.9,126.67,630.23,14.34,0.09
gp1-11,m,30,35,17,18,3,3,45.1,882.92,1041.46,871.69,871.69,868.79,1022.34,839.83,842.55,552.6,126.67,661.92,109.32,0.68
gp1-11,m,30,35,17,19,3,8,42.48,854.99,1059.5,923.25,923.25,871.48,1069.62,894.85,892,1317.55,126.67,1361.77,44.22,0.28
gp1-12,f,30,33,15,5,5,1,37.28,872.12,1045.89,937.8,937.8,852.74,1024.4,916.59,918.74,130.98,126.67,129,-1.98,0.01
gp1-12,f,30,33,15,6,1,6,45.1,882.92,1041.46,871.69,871.69,889.65,1040.9,837.49,836.84,1029.47,126.67,964.51,-64.96,0.41
gp1-12,f,30,33,15,7,2,7,37.28,872.12,1045.89,937.8,937.8,883.32,1051.78,911.35,909.68,1215.68,126.67,1302.01,86.33,0.54
gp1-12,f,30,33,15,8,4,2,42.48,854.99,1059.5,923.25,923.25,838.96,1038.74,894.58,897.8,409.58,126.67,580.5,170.92,1.07
gp1-12,f,30,33,15,9,3,3,45.1,882.92,1041.46,871.69,871.69,866.69,1020.74,840.85,843.66,490.86,126.67,726.01,235.14,1.47
gp1-12,f,30,33,15,10,2,4,42.48,854.99,1059.5,923.25,923.25,846.77,1044.46,891.45,894.05,649.16,126.67,694.51,45.35,0.28
gp1-12,f,30,33,15,11,1,5,37.28,872.12,1045.89,937.8,937.8,870.7,1038.57,909.11,910.02,831.99,126.67,846.01,14.01,0.09
gp1-12,f,30,33,15,12,5,10,45.1,882.92,1041.46,871.69,871.69,908.72,1064.6,848.25,845.62,1702.86,126.67,1344.01,-358.85,2.24
gp1-12,f,30,33,15,13,3,8,42.48,854.99,1059.5,923.25,923.25,875.31,1074.9,897.45,894.24,1482.21,126.67,1323.01,-159.19,0.99
gp1-12,f,30,33,15,14,3,8,45.1,882.92,1041.46,871.69,871.69,904.77,1059.21,844.53,841.69,1482.21,126.67,1239.01,-243.2,1.52
gp1-12,f,30,33,15,15,5,1,37.28,872.12,1045.89,937.8,937.8,852.74,1024.4,916.59,918.74,130.98,126.67,498,367.02,2.29
gp1-12,f,30,33,15,16,4,2,37.28,872.12,1045.89,937.8,937.8,857.89,1028.16,912.85,915.2,409.58,126.67,309,-100.58,0.63
gp1-12,f,30,33,15,17,1,6,42.48,854.99,1059.5,923.25,923.25,862.02,1058.26,891.17,890.43,1029.47,126.67,958.51,-70.96,0.44
gp1-12,f,30,33,15,18,4,9,45.1,882.92,1041.46,871.69,871.69,906.6,1061.69,846.11,843.31,1572.59,126.67,1327.51,-245.08,1.53
gp1-12,f,30,33,15,19,1,5,45.1,882.92,1041.46,871.69,871.69,880.54,1032.03,836.92,838.14,831.99,126.67,819.01,-12.99,0.08
gp1-13,m,30,37,19,5,3,3,42.48,854.99,1059.5,923.25,923.25,844.71,1042.89,892.06,894.92,592.38,126.67,568.5,-23.88,0.15
gp1-13,m,30,37,19,6,4,9,45.1,882.92,1041.46,871.69,871.69,905.06,1059.6,844.77,841.93,1495.44,126.67,1416,-79.44,0.5
gp1-13,m,30,37,19,7,3,8,45.1,882.92,1041.46,871.69,871.69,904.63,1059.02,844.42,841.58,1476.1,126.67,1450.5,-25.6,0.16
gp1-13,m,30,37,19,8,5,10,42.48,854.99,1059.5,923.25,923.25,880.18,1081.97,902.17,899.3,1806.68,126.67,1783.5,-23.18,0.14
gp1-13,m,30,37,19,9,5,1,37.28,872.12,1045.89,937.8,937.8,853.93,1025.26,915.56,917.81,208.75,126.67,69,-139.75,0.87
gp1-13,m,30,37,19,10,4,2,45.1,882.92,1041.46,871.69,871.69,860.71,1016.34,844.83,847.53,266.84,126.67,123,-143.84,0.9
gp1-13,m,30,37,19,11,2,7,42.48,854.99,1059.5,923.25,923.25,866.03,1062.77,892.32,890.57,1139.26,126.67,1128,-11.26,0.07
gp1-13,m,30,37,19,12,2,4,37.28,872.12,1045.89,937.8,937.8,866.61,1035,909.61,911.22,713.47,126.67,667.5,-45.97,0.29
gp1-13,m,30,37,19,13,1,5,45.1,882.92,1041.46,871.69,871.69,878.85,1030.53,837.07,838.59,795.34,126.67,699,-96.34,0.6
gp1-13,m,30,37,19,14,2,7,37.28,872.12,1045.89,937.8,937.8,881.11,1049.17,910.52,909.26,1139.26,126.67,1090.5,-48.76,0.3
gp1-13,m,30,37,19,15,3,3,42.48,854.99,1059.5,923.25,923.25,844.71,1042.89,892.06,894.92,592.38,126.67,634.5,42.12,0.26
gp1-13,m,30,37,19,16,4,2,42.48,854.99,1059.5,923.25,923.25,835.48,1036.33,896.83,899.97,266.84,126.67,369,102.16,0.64
gp1-13,m,30,37,19,17,5,1,37.28,872.12,1045.89,937.8,937.8,853.93,1025.26,915.56,917.81,208.75,126.67,99,-109.75,0.69
gp1-13,m,30,37,19,18,1,6,45.1,882.92,1041.46,871.69,871.69,888.36,1039.55,837.26,836.89,1000.55,126.67,1005,4.45,0.03
gp1-13,m,30,37,19,19,1,5,45.1,882.92,1041.46,871.69,871.69,878.85,1030.53,837.07,838.59,795.34,126.67,807,11.66,0.07
gp1-14,f,50,52,34,5,3,8,45.1,882.92,1041.46,871.69,871.69,904.06,1058.26,843.98,841.15,1451.33,126.67,1455.54,4.21,0.03
gp1-14,f,50,52,34,6,1,5,42.48,854.99,1059.5,923.25,923.25,857.58,1053.75,890.51,890.91,917.95,126.67,968.63,50.68,0.32
gp1-14,f,50,52,34,7,3,3,37.28,872.12,1045.89,937.8,937.8,859.17,1029.12,912.16,914.48,462.57,126.67,281.44,-181.13,1.13
gp1-14,f,50,52,34,8,2,4,42.48,854.99,1059.5,923.25,923.25,846.73,1044.43,891.46,894.07,647.99,126.67,549.06,-98.93,0.62
gp1-14,f,50,52,34,9,4,9,45.1,882.92,1041.46,871.69,871.69,905.54,1060.26,845.18,842.34,1518.64,126.67,1384.75,-133.89,0.84
gp1-14,f,50,52,34,10,5,1,42.48,854.99,1059.5,923.25,923.25,833.77,1035.16,898.18,901.19,180.6,126.67,215.83,35.23,0.22
gp1-14,f,50,52,34,11,1,6,37.28,872.12,1045.89,937.8,937.8,877.53,1045.24,909.59,909.08,1027.55,126.67,978.99,-48.56,0.3
gp1-14,f,50,52,34,12,4,2,45.1,882.92,1041.46,871.69,871.69,860.53,1016.21,844.98,847.66,258.41,126.67,145.04,-113.38,0.71
gp1-14,f,50,52,34,13,2,7,45.1,882.92,1041.46,871.69,871.69,896.51,1048.65,839.59,837.58,1198.42,126.67,1301.87,103.45,0.65
gp1-14,f,50,52,34,14,2,7,42.48,854.99,1059.5,923.25,923.25,867.99,1065.14,893.09,890.89,1198.42,126.67,1187.91,-10.5,0.07
gp1-14,f,50,52,34,15,4,2,37.28,872.12,1045.89,937.8,937.8,854.79,1025.88,914.89,917.19,258.41,126.67,136.4,-122.01,0.76
gp1-14,f,50,52,34,16,4,9,42.48,854.99,1059.5,923.25,923.25,876.01,1075.9,898.02,894.79,1518.64,126.67,1552.23,33.59,0.21
gp1-14,f,50,52,34,17,5,10,45.1,882.92,1041.46,871.69,871.69,909.85,1066.15,849.56,847.09,1789.3,126.67,1842.3,53.01,0.33
gp1-14,f,50,52,34,18,3,3,37.28,872.12,1045.89,937.8,937.8,859.17,1029.12,912.16,914.48,462.57,126.67,257.27,-205.3,1.28
gp1-14,f,50,52,34,19,1,5,42.48,854.99,1059.5,923.25,923.25,857.58,1053.75,890.51,890.91,917.95,126.67,946.19,28.23,0.18
gp1-15,f,60,61,43,5,1,6,37.28,872.12,1045.89,937.8,937.8,878.8,1046.6,909.86,909.08,1066.02,126.67,903.76,-162.26,1.01
gp1-15,f,60,61,43,6,5,10,45.1,882.92,1041.46,871.69,871.69,909.2,1065.27,848.8,846.23,1738.14,126.67,1560.48,-177.66,1.11
gp1-15,f,60,61,43,7,1,5,42.48,854.99,1059.5,923.25,923.25,858.19,1054.35,890.56,890.81,932.94,126.67,927.67,-5.27,0.03
gp1-15,f,60,61,43,8,3,8,37.28,872.12,1045.89,937.8,937.8,887.8,1057.4,913.73,911.48,1400.63,126.67,1473.29,72.66,0.45
gp1-15,f,60,61,43,9,4,9,45.1,882.92,1041.46,871.69,871.69,907.81,1063.36,847.29,844.57,1643.17,126.67,1497.2,-145.97,0.91
gp1-15,f,60,61,43,10,5,1,42.48,854.99,1059.5,923.25,923.25,833.24,1034.8,898.64,901.6,150.71,126.67,234.38,83.68,0.52
gp1-15,f,60,61,43,11,3,3,45.1,882.92,1041.46,871.69,871.69,866.34,1020.49,841.03,843.85,480.12,126.67,365.16,-114.95,0.72
gp1-15,f,60,61,43,12,4,2,37.28,872.12,1045.89,937.8,937.8,856.21,1026.92,913.88,916.23,332.47,126.67,294.85,-37.61,0.24
gp1-15,f,60,61,43,13,2,7,42.48,854.99,1059.5,923.25,923.25,868.92,1066.3,893.51,891.12,1228.14,126.67,1322.82,94.68,0.59
gp1-15,f,60,61,43,14,2,4,37.28,872.12,1045.89,937.8,937.8,863.59,1032.54,910.37,912.37,620,126.67,460.79,-159.21,1
gp1-15,f,60,61,43,15,5,1,45.1,882.92,1041.46,871.69,871.69,858.49,1014.72,846.83,849.33,150.71,126.67,294.85,144.15,0.9
gp1-15,f,60,61,43,16,1,5,37.28,872.12,1045.89,937.8,937.8,874.27,1041.93,909.15,909.35,932.94,126.67,933.29,0.36,0
gp1-15,f,60,61,43,17,3,3,42.48,854.99,1059.5,923.25,923.25,841,1040.18,893.53,896.69,480.12,126.67,442.51,-37.61,0.24
gp1-15,f,60,61,43,18,2,7,45.1,882.92,1041.46,871.69,871.69,897.57,1049.93,840.07,837.88,1228.14,126.67,1244.07,15.93,0.1
gp1-15,f,60,61,43,19,3,8,45.1,882.92,1041.46,871.69,871.69,902.81,1056.6,843.07,840.29,1400.63,126.67,1187.82,-212.81,1.33
gp1-16,m,20,24,6,5,3,8,42.48,854.99,1059.5,923.25,923.25,873.62,1072.52,896.2,893.1,1403.49,126.67,1180.57,-222.92,1.39
gp1-16,m,20,24,6,6,2,4,45.1,882.92,1041.46,871.69,871.69,872.39,1025.15,838.46,840.89,646.87,126.67,900.57,253.7,1.59
gp1-16,m,20,24,6,7,5,1,42.48,854.99,1059.5,923.25,923.25,834.81,1035.88,897.33,900.43,234.83,126.67,608,373.17,2.33
gp1-16,m,20,24,6,8,1,6,37.28,872.12,1045.89,937.8,937.8,876.1,1043.76,909.35,909.15,985.55,126.67,963.43,-22.12,0.14
gp1-16,m,20,24,6,9,2,7,45.1,882.92,1041.46,871.69,871.69,898.93,1051.61,840.73,838.35,1268.22,126.67,1149.71,-118.51,0.74
gp1-16,m,20,24,6,10,1,5,45.1,882.92,1041.46,871.69,871.69,883.5,1034.75,836.84,837.49,895.39,126.67,980.57,85.18,0.53
gp1-16,m,20,24,6,11,3,3,37.28,872.12,1045.89,937.8,937.8,859.43,1029.31,912.03,914.34,472.64,126.67,708.57,235.93,1.47
gp1-16,m,20,24,6,12,4,2,42.48,854.99,1059.5,923.25,923.25,837.48,1037.71,895.46,898.68,353.21,126.67,547.43,194.22,1.21
gp1-16,m,20,24,6,13,4,9,37.28,872.12,1045.89,937.8,937.8,890.78,1061.38,915.96,913.61,1565.18,126.67,1313.14,-252.03,1.58
gp1-16,m,20,24,6,14,4,2,42.48,854.99,1059.5,923.25,923.25,837.48,1037.71,895.46,898.68,353.21,126.67,453.71,100.5,0.63
gp1-16,m,20,24,6,15,2,4,45.1,882.92,1041.46,871.69,871.69,872.39,1025.15,838.46,840.89,646.87,126.67,740.57,93.7,0.59
gp1-16,m,20,24,6,16,3,8,42.48,854.99,1059.5,923.25,923.25,873.62,1072.52,896.2,893.1,1403.49,126.67,1268.57,-134.92,0.84
gp1-16,m,20,24,6,17,1,6,45.1,882.92,1041.46,871.69,871.69,887.68,1038.85,837.16,836.93,985.55,126.67,988.57,3.02,0.02
gp1-16,m,20,24,6,18,5,1,37.28,872.12,1045.89,937.8,937.8,854.37,1025.58,915.21,917.49,234.83,126.67,555.43,320.6,2
gp1-16,m,20,24,6,19,5,10,45.1,882.92,1041.46,871.69,871.69,909.06,1065.07,848.63,846.05,1727.39,126.67,1466.29,-261.11,1.63
gp1-17,m,30,39,21,5,4,9,42.48,854.99,1059.5,923.25,923.25,877.87,1078.59,899.69,896.52,1628.5,126.67,1860.02,231.52,1.45
gp1-17,m,30,39,21,6,1,5,37.28,872.12,1045.89,937.8,937.8,873.56,1041.24,909.11,909.45,912.94,126.67,772.98,-139.96,0.87
gp1-17,m,30,39,21,7,5,10,45.1,882.92,1041.46,871.69,871.69,909.74,1066,849.42,846.94,1780.18,126.67,1691.27,-88.91,0.56
gp1-17,m,30,39,21,8,2,7,42.48,854.99,1059.5,923.25,923.25,866.65,1063.51,892.55,890.65,1157.55,126.67,1145.64,-11.91,0.07
gp1-17,m,30,39,21,9,2,4,37.28,872.12,1045.89,937.8,937.8,865.51,1034.08,909.85,911.61,680.18,126.67,608.44,-71.74,0.45
gp1-17,m,30,39,21,10,3,3,42.48,854.99,1059.5,923.25,923.25,840.29,1039.67,893.88,897.07,456.26,126.67,480.47,24.21,0.15
gp1-17,m,30,39,21,11,5,1,45.1,882.92,1041.46,871.69,871.69,858.87,1015,846.46,849,172.71,126.67,51.56,-121.15,0.76
gp1-17,m,30,39,21,12,1,6,37.28,872.12,1045.89,937.8,937.8,880.73,1048.75,910.4,909.22,1127.1,126.67,1071.11,-55.99,0.35
gp1-17,m,30,39,21,13,4,2,37.28,872.12,1045.89,937.8,937.8,856.2,1026.91,913.89,916.24,332.08,126.67,397.5,65.42,0.41
gp1-17,m,30,39,21,14,1,5,42.48,854.99,1059.5,923.25,923.25,857.37,1053.56,890.49,890.95,912.94,126.67,701.26,-211.68,1.32
gp1-17,m,30,39,21,15,3,8,45.1,882.92,1041.46,871.69,871.69,903.87,1058,843.83,841.01,1443.08,126.67,1287.67,-155.41,0.97
gp1-17,m,30,39,21,16,4,9,42.48,854.99,1059.5,923.25,923.25,877.87,1078.59,899.69,896.52,1628.5,126.67,1526.74,-101.76,0.64
gp1-17,m,30,39,21,17,2,7,45.1,882.92,1041.46,871.69,871.69,894.98,1046.83,838.99,837.25,1157.55,126.67,1172.36,14.81,0.09
gp1-17,m,30,39,21,18,2,4,37.28,872.12,1045.89,937.8,937.8,865.51,1034.08,909.85,911.61,680.18,126.67,514.23,-165.96,1.04
gp1-17,m,30,39,21,19,1,6,37.28,872.12,1045.89,937.8,937.8,880.73,1048.75,910.4,909.22,1127.1,126.67,1128.76,1.67,0.01
gp1-18,f,40,47,29,5,3,3,42.48,854.99,1059.5,923.25,923.25,844.54,1042.76,892.11,894.99,587.67,126.67,761.26,173.58,1.08
gp1-18,f,40,47,29,6,1,6,45.1,882.92,1041.46,871.69,871.69,893.75,1045.41,838.56,837.06,1126.41,126.67,1080.01,-46.4,0.29
gp1-18,f,40,47,29,7,5,10,42.48,854.99,1059.5,923.25,923.25,878.55,1079.59,900.37,897.26,1675.19,126.67,1202.51,-472.68,2.95
gp1-18,f,40,47,29,8,4,2,45.1,882.92,1041.46,871.69,871.69,862.12,1017.37,843.72,846.5,329.02,126.67,480,150.98,0.94
gp1-18,f,40,47,29,9,1,5,37.28,872.12,1045.89,937.8,937.8,869.56,1037.54,909.19,910.31,799.52,126.67,760.01,-39.51,0.25
gp1-18,f,40,47,29,10,2,4,42.48,854.99,1059.5,923.25,923.25,848.57,1045.88,891.04,893.37,696.34,126.67,815.01,118.67,0.74
gp1-18,f,40,47,29,11,4,9,37.28,872.12,1045.89,937.8,937.8,891.06,1061.76,916.2,913.85,1583.27,126.67,1263.76,-319.51,2
gp1-18,f,40,47,29,12,5,1,45.1,882.92,1041.46,871.69,871.69,859.94,1015.78,845.48,848.12,229.68,126.67,505,275.32,1.72
gp1-18,f,40,47,29,13,3,8,45.1,882.92,1041.46,871.69,871.69,902.76,1056.53,843.03,840.26,1398.6,126.67,1337.51,-61.09,0.38
gp1-18,f,40,47,29,14,3,3,37.28,872.12,1045.89,937.8,937.8,862.61,1031.76,910.69,912.79,587.67,126.67,563.75,-23.92,0.15
gp1-18,f,40,47,29,15,4,9,42.48,854.99,1059.5,923.25,923.25,877.15,1077.54,899.01,895.81,1583.27,126.67,1280.01,-303.26,1.9
gp1-18,f,40,47,29,16,2,4,45.1,882.92,1041.46,871.69,871.69,874.45,1026.81,837.88,840.06,696.34,126.67,573.75,-122.59,0.77
gp1-18,f,40,47,29,17,5,10,42.48,854.99,1059.5,923.25,923.25,878.55,1079.59,900.37,897.26,1675.19,126.67,1602.51,-72.68,0.45
gp1-18,f,40,47,29,18,1,5,37.28,872.12,1045.89,937.8,937.8,869.56,1037.54,909.19,910.31,799.52,126.67,750.01,-49.51,0.31
gp1-18,f,40,47,29,19,1,6,37.28,872.12,1045.89,937.8,937.8,880.71,1048.73,910.39,909.22,1126.41,126.67,1148.76,22.35,0.14
gp1-19,f,40,41,23,5,5,10,37.28,872.12,1045.89,937.8,937.8,892.32,1063.49,917.38,915.09,1674.49,126.67,1729.86,55.37,0.35
gp1-19,f,40,41,23,6,4,2,42.48,854.99,1059.5,923.25,923.25,835.61,1036.42,896.73,899.88,272.72,126.67,482.32,209.6,1.31
gp1-19,f,40,41,23,7,1,5,37.28,872.12,1045.89,937.8,937.8,873.45,1041.14,909.11,909.47,909.83,126.67,1015.65,105.83,0.66
gp1-19,f,40,41,23,8,1,6,45.1,882.92,1041.46,871.69,871.69,892.1,1043.56,838.07,836.9,1086.35,126.67,1205.8,119.45,0.75
gp1-19,f,40,41,23,9,2,4,42.48,854.99,1059.5,923.25,923.25,848.1,1045.5,891.14,893.54,684.06,126.67,793.04,108.98,0.68
gp1-19,f,40,41,23,10,5,1,42.48,854.99,1059.5,923.25,923.25,834.9,1035.94,897.27,900.37,239.06,126.67,612.17,373.11,2.33
gp1-19,f,40,41,23,11,3,8,45.1,882.92,1041.46,871.69,871.69,904.32,1058.6,844.17,841.34,1462.24,126.67,1354.2,-108.03,0.68
gp1-19,f,40,41,23,12,2,7,37.28,872.12,1045.89,937.8,937.8,883.46,1051.93,911.41,909.72,1220.48,126.67,1256.81,36.33,0.23
gp1-19,f,40,41,23,13,4,9,37.28,872.12,1045.89,937.8,937.8,890.09,1060.44,915.39,913.03,1522.28,126.67,1344.93,-177.35,1.11
gp1-19,f,40,41,23,14,2,7,42.48,854.99,1059.5,923.25,923.25,868.69,1066.01,893.4,891.06,1220.48,126.67,1228.99,8.51,0.05
gp1-19,f,40,41,23,15,5,1,45.1,882.92,1041.46,871.69,871.69,860.13,1015.92,845.32,847.97,239.06,126.67,635.36,396.3,2.48
gp1-19,f,40,41,23,16,2,4,45.1,882.92,1041.46,871.69,871.69,873.93,1026.38,838.01,840.26,684.06,126.67,746.67,62.6,0.39
gp1-19,f,40,41,23,17,5,10,37.28,872.12,1045.89,937.8,937.8,892.32,1063.49,917.38,915.09,1674.49,126.67,1312.46,-362.03,2.26
gp1-19,f,40,41,23,18,3,3,42.48,854.99,1059.5,923.25,923.25,844.48,1042.71,892.13,895.02,585.86,126.67,621.45,35.59,0.22
gp1-19,f,40,41,23,19,1,5,37.28,872.12,1045.89,937.8,937.8,873.45,1041.14,909.11,909.47,909.83,126.67,1001.74,91.91,0.57
gp1-20,f,30,31,13,5,2,7,37.28,872.12,1045.89,937.8,937.8,885,1053.83,912.13,910.19,1279.15,126.67,1351.01,71.87,0.45
gp1-20,f,30,31,13,6,4,2,45.1,882.92,1041.46,871.69,871.69,861.57,1016.97,844.14,846.89,305.59,126.67,367,61.41,0.38
gp1-20,f,30,31,13,7,3,3,42.48,854.99,1059.5,923.25,923.25,841.79,1040.74,893.18,896.29,505.33,126.67,597.01,91.68,0.57
gp1-20,f,30,31,13,8,4,9,37.28,872.12,1045.89,937.8,937.8,890.78,1061.38,915.96,913.61,1565.46,126.67,1732.02,166.55,1.04
gp1-20,f,30,31,13,9,1,5,45.1,882.92,1041.46,871.69,871.69,883.13,1034.4,836.84,837.56,887.41,126.67,948.01,60.6,0.38
gp1-20,f,30,31,13,10,2,4,37.28,872.12,1045.89,937.8,937.8,863.68,1032.6,910.34,912.33,622.73,126.67,484,-138.73,0.87
gp1-20,f,30,31,13,11,3,8,45.1,882.92,1041.46,871.69,871.69,901.7,1055.15,842.33,839.64,1359.57,126.67,1347.01,-12.56,0.08
gp1-20,f,30,31,13,12,5,1,42.48,854.99,1059.5,923.25,923.25,833.83,1035.21,898.13,901.15,184.03,126.67,228,43.97,0.27
gp1-20,f,30,31,13,13,1,6,42.48,854.99,1059.5,923.25,923.25,864.22,1060.68,891.73,890.43,1088.21,126.67,1149.01,60.8,0.38
gp1-20,f,30,31,13,14,3,8,45.1,882.92,1041.46,871.69,871.69,901.7,1055.15,842.33,839.64,1359.57,126.67,1406.01,46.44,0.29
gp1-20,f,30,31,13,15,5,1,37.28,872.12,1045.89,937.8,937.8,853.54,1024.97,915.89,918.11,184.03,126.67,190,5.97,0.04
gp1-20,f,30,31,13,16,1,5,42.48,854.99,1059.5,923.25,923.25,856.33,1052.56,890.43,891.15,887.41,126.67,946.01,58.6,0.37
gp1-20,f,30,31,13,17,4,9,45.1,882.92,1041.46,871.69,871.69,906.46,1061.51,845.99,843.18,1565.46,126.67,1525.01,-40.45,0.25
gp1-20,f,30,31,13,18,4,2,37.28,872.12,1045.89,937.8,937.8,855.67,1026.53,914.25,916.58,305.59,126.67,376,70.41,0.44
gp1-20,f,30,31,13,19,2,7,45.1,882.92,1041.46,871.69,871.69,899.29,1052.05,840.92,838.48,1279.15,126.67,1285.01,5.87,0.04
gp1-21,f,20,21,3,5,1,5,37.28,872.12,1045.89,937.8,937.8,871.38,1039.19,909.08,909.87,851.24,126.67,791.01,-60.24,0.38
gp1-21,f,20,21,3,6,2,4,42.48,854.99,1059.5,923.25,923.25,850.7,1047.61,890.69,892.63,750.11,126.67,743.01,-7.1,0.04
gp1-21,f,20,21,3,7,3,8,42.48,854.99,1059.5,923.25,923.25,873.03,1071.71,895.8,892.76,1378.41,126.67,1261.01,-117.4,0.73
gp1-21,f,20,21,3,8,2,7,45.1,882.92,1041.46,871.69,871.69,895.99,1048.03,839.38,837.46,1184.39,126.67,1164.01,-20.38,0.13
gp1-21,f,20,21,3,9,5,10,37.28,872.12,1045.89,937.8,937.8,892.93,1064.32,918,915.77,1724.53,126.67,1528.01,-196.52,1.23
gp1-21,f,20,21,3,10,1,6,42.48,854.99,1059.5,923.25,923.25,861.48,1057.7,891.05,890.46,1015.67,126.67,1023.01,7.34,0.05
gp1-21,f,20,21,3,11,5,1,37.28,872.12,1045.89,937.8,937.8,854,1025.3,915.51,917.77,212.45,126.67,300,87.55,0.55
gp1-21,f,20,21,3,12,4,9,45.1,882.92,1041.46,871.69,871.69,905.09,1059.65,844.8,841.96,1497.14,126.67,1487.01,-10.12,0.06
gp1-21,f,20,21,3,13,4,2,45.1,882.92,1041.46,871.69,871.69,863.96,1018.72,842.44,845.28,399.93,126.67,508,108.08,0.68
gp1-21,f,20,21,3,14,5,1,42.48,854.99,1059.5,923.25,923.25,834.37,1035.57,897.69,900.75,212.45,126.67,445,232.55,1.45
gp1-21,f,20,21,3,15,3,3,37.28,872.12,1045.89,937.8,937.8,862.9,1031.98,910.6,912.67,597.09,126.67,466,-131.09,0.82
gp1-21,f,20,21,3,16,4,9,45.1,882.92,1041.46,871.69,871.69,905.09,1059.65,844.8,841.96,1497.14,126.67,1487.01,-10.12,0.06
gp1-21,f,20,21,3,17,2,7,42.48,854.99,1059.5,923.25,923.25,867.54,1064.59,892.9,890.8,1184.39,126.67,1236.01,51.62,0.32
gp1-21,f,20,21,3,18,3,8,37.28,872.12,1045.89,937.8,937.8,887.33,1056.79,913.43,911.22,1378.41,126.67,1371.01,-7.4,0.05
gp1-21,f,20,21,3,19,2,4,45.1,882.92,1041.46,871.69,871.69,876.8,1028.77,837.38,839.23,750.11,126.67,597,-153.1,0.96
gp1-22,f,20,22,4,5,5,10,37.28,872.12,1045.89,937.8,937.8,893.69,1065.37,918.83,916.69,1794.17,126.67,1585.79,-208.38,1.3
gp1-22,f,20,22,4,6,2,4,42.48,854.99,1059.5,923.25,923.25,851.3,1048.11,890.61,892.44,764.96,126.67,743.45,-21.52,0.13
gp1-22,f,20,22,4,7,2,7,42.48,854.99,1059.5,923.25,923.25,869.97,1067.64,894.02,891.43,1263.18,126.67,1267.98,4.8,0.03
gp1-22,f,20,22,4,8,4,9,45.1,882.92,1041.46,871.69,871.69,907.47,1062.88,846.95,844.2,1621.96,126.67,1419.86,-202.11,1.26
gp1-22,f,20,22,4,9,3,8,37.28,872.12,1045.89,937.8,937.8,886.4,1055.59,912.88,910.76,1336.81,126.67,1215.95,-120.86,0.76
gp1-22,f,20,22,4,10,4,2,45.1,882.92,1041.46,871.69,871.69,862.21,1017.44,843.65,846.44,332.75,126.67,536.73,203.98,1.27
gp1-22,f,20,22,4,11,1,5,37.28,872.12,1045.89,937.8,937.8,872.27,1040.01,909.07,909.68,876.33,126.67,995.17,118.83,0.74
gp1-22,f,20,22,4,12,1,6,42.48,854.99,1059.5,923.25,923.25,863.77,1060.18,891.6,890.41,1075.92,126.67,1072.51,-3.41,0.02
gp1-22,f,20,22,4,13,5,1,45.1,882.92,1041.46,871.69,871.69,859.13,1015.19,846.21,848.78,187.32,126.67,308.91,121.59,0.76
gp1-22,f,20,22,4,14,1,5,37.28,872.12,1045.89,937.8,937.8,872.27,1040.01,909.07,909.68,876.33,126.67,975.48,99.15,0.62
gp1-22,f,20,22,4,15,5,10,42.48,854.99,1059.5,923.25,923.25,880.04,1081.77,902.01,899.11,1794.17,126.67,1525.33,-268.85,1.68
gp1-22,f,20,22,4,16,2,7,42.48,854.99,1059.5,923.25,923.25,869.97,1067.64,894.02,891.43,1263.18,126.67,1267.98,4.8,0.03
gp1-22,f,20,22,4,17,5,1,45.1,882.92,1041.46,871.69,871.69,859.13,1015.19,846.21,848.78,187.32,126.67,441.1,253.78,1.59
gp1-22,f,20,22,4,18,4,9,37.28,872.12,1045.89,937.8,937.8,891.62,1062.52,916.71,914.38,1621.96,126.67,1363.61,-258.36,1.61
gp1-22,f,20,22,4,19,2,4,42.48,854.99,1059.5,923.25,923.25,851.3,1048.11,890.61,892.44,764.96,126.67,735.01,-29.95,0.19
gp1-23,f,19,19,1,5,1,5,45.1,882.92,1041.46,871.69,871.69,880.63,1032.11,836.91,838.11,833.92,126.67,892,58.08,0.36
gp1-23,f,19,19,1,6,5,10,42.48,854.99,1059.5,923.25,923.25,880.02,1081.74,901.98,899.08,1792.35,126.67,1728,-64.35,0.4
gp1-23,f,19,19,1,7,1,6,37.28,872.12,1045.89,937.8,937.8,879.78,1047.68,910.11,909.13,1096.4,126.67,1125.33,28.94,0.18
gp1-23,f,19,19,1,8,4,9,45.1,882.92,1041.46,871.69,871.69,905.57,1060.3,845.2,842.36,1520.04,126.67,1494.67,-25.38,0.16
gp1-23,f,19,19,1,9,4,2,42.48,854.99,1059.5,923.25,923.25,836.41,1036.97,896.17,899.35,308.62,126.67,550.67,242.04,1.51
gp1-23,f,19,19,1,10,2,7,45.1,882.92,1041.46,871.69,871.69,899.33,1052.11,840.94,838.5,1280.44,126.67,1285.33,4.89,0.03
gp1-23,f,19,19,1,11,3,8,37.28,872.12,1045.89,937.8,937.8,888.45,1058.25,914.17,911.87,1432.42,126.67,1542.67,110.25,0.69
gp1-23,f,19,19,1,12,2,4,42.48,854.99,1059.5,923.25,923.25,845.62,1043.58,891.77,894.52,618,126.67,653.33,35.34,0.22
gp1-23,f,19,19,1,13,5,1,37.28,872.12,1045.89,937.8,937.8,852.47,1024.2,916.85,918.97,111.45,126.67,178.67,67.21,0.42
gp1-23,f,19,19,1,14,2,7,42.48,854.99,1059.5,923.25,923.25,870.46,1068.28,894.28,891.6,1280.44,126.67,1206.67,-73.77,0.46
gp1-23,f,19,19,1,15,4,2,45.1,882.92,1041.46,871.69,871.69,861.64,1017.02,844.09,846.84,308.62,126.67,354.67,46.04,0.29
gp1-23,f,19,19,1,16,1,5,42.48,854.99,1059.5,923.25,923.25,854.12,1050.55,890.42,891.65,833.92,126.67,961.33,127.41,0.8
gp1-23,f,19,19,1,17,2,4,45.1,882.92,1041.46,871.69,871.69,871.24,1024.24,838.85,841.39,618,126.67,625.33,7.34,0.05
gp1-23,f,19,19,1,18,4,9,37.28,872.12,1045.89,937.8,937.8,890.05,1060.39,915.36,913,1520.04,126.67,1688,167.96,1.05
gp1-23,f,19,19,1,19,3,8,45.1,882.92,1041.46,871.69,871.69,903.61,1057.66,843.64,840.83,1432.42,126.67,1525.33,92.92,0.58
gp1-24,,50,50,32,5,4,2,45.1,882.92,1041.46,871.69,871.69,861.8,1017.13,843.97,846.73,315.32,126.67,457.16,141.85,0.89
gp1-24,,50,50,32,6,1,6,37.28,872.12,1045.89,937.8,937.8,875.89,1043.54,909.32,909.17,979.45,126.67,979.02,-0.43,0
gp1-24,,50,50,32,7,4,9,45.1,882.92,1041.46,871.69,871.69,907.45,1062.86,846.93,844.18,1620.98,126.67,1722.06,101.08,0.63
gp1-24,,50,50,32,8,5,1,42.48,854.99,1059.5,923.25,923.25,834.7,1035.8,897.42,900.51,229.22,126.67,248.08,18.85,0.12
gp1-24,,50,50,32,9,3,3,37.28,872.12,1045.89,937.8,937.8,861.76,1031.09,911.01,913.18,558.31,126.67,450.25,-108.05,0.68
gp1-24,,50,50,32,10,2,4,42.48,854.99,1059.5,923.25,923.25,846.85,1044.52,891.43,894.02,651.23,126.67,659.34,8.11,0.05
gp1-24,,50,50,32,11,2,7,37.28,872.12,1045.89,937.8,937.8,883.9,1052.47,911.6,909.84,1236.85,126.67,1516.43,279.58,1.75
gp1-24,,50,50,32,12,3,8,45.1,882.92,1041.46,871.69,871.69,903.99,1058.17,843.93,841.1,1448.5,126.67,1564.81,116.32,0.73
gp1-24,,50,50,32,13,5,10,45.1,882.92,1041.46,871.69,871.69,909.46,1065.62,849.1,846.57,1758.22,126.67,1806.73,48.52,0.3
gp1-24,,50,50,32,14,4,9,42.48,854.99,1059.5,923.25,923.25,877.76,1078.42,899.58,896.4,1620.98,126.67,1620.11,-0.87,0.01
gp1-24,,50,50,32,15,1,6,37.28,872.12,1045.89,937.8,937.8,875.89,1043.54,909.32,909.17,979.45,126.67,1004.94,25.49,0.16
gp1-24,,50,50,32,16,3,3,42.48,854.99,1059.5,923.25,923.25,843.53,1042.01,892.47,895.45,558.31,126.67,567.76,9.45,0.06
gp1-24,,50,50,32,17,5,1,37.28,872.12,1045.89,937.8,937.8,854.28,1025.51,915.29,917.56,229.22,126.67,339.66,110.44,0.69
gp1-24,,50,50,32,18,4,2,45.1,882.92,1041.46,871.69,871.69,861.8,1017.13,843.97,846.73,315.32,126.67,396.68,81.37,0.51
gp1-24,,50,50,32,19,3,8,42.48,854.99,1059.5,923.25,923.25,874.61,1073.91,896.91,893.74,1448.5,126.67,1500.88,52.38,0.33
gp1-25,f,20,28,10,5,1,6,45.1,882.92,1041.46,871.69,871.69,888.5,1039.69,837.28,836.88,1003.67,126.67,1088,84.33,0.53
gp1-25,f,20,28,10,6,2,4,37.28,872.12,1045.89,937.8,937.8,867.31,1035.59,909.48,910.98,734.41,126.67,650.67,-83.74,0.52
gp1-25,f,20,28,10,7,2,7,37.28,872.12,1045.89,937.8,937.8,881.24,1049.32,910.56,909.28,1143.58,126.67,1328,184.42,1.15
gp1-25,f,20,28,10,8,4,2,45.1,882.92,1041.46,871.69,871.69,862.02,1017.3,843.79,846.57,324.82,126.67,144,-180.82,1.13
gp1-25,f,20,28,10,9,1,5,42.48,854.99,1059.5,923.25,923.25,856.52,1052.75,890.44,891.11,892.25,126.67,928,35.75,0.22
gp1-25,f,20,28,10,10,3,8,42.48,854.99,1059.5,923.25,923.25,871.6,1069.78,894.92,892.06,1322.06,126.67,1429.33,107.28,0.67
gp1-25,f,20,28,10,11,4,9,37.28,872.12,1045.89,937.8,937.8,889.86,1060.13,915.2,912.85,1508.81,126.67,1477.33,-31.47,0.2
gp1-25,f,20,28,10,12,3,3,45.1,882.92,1041.46,871.69,871.69,869.63,1022.98,839.47,842.14,575.64,126.67,549.33,-26.31,0.16
gp1-25,f,20,28,10,13,5,10,42.48,854.99,1059.5,923.25,923.25,880.2,1082,902.19,899.32,1808.57,126.67,1578.67,-229.9,1.44
gp1-25,f,20,28,10,14,4,9,45.1,882.92,1041.46,871.69,871.69,905.34,1059.98,845,842.16,1508.81,126.67,1541.33,32.53,0.2
gp1-25,f,20,28,10,15,5,10,37.28,872.12,1045.89,937.8,937.8,893.83,1065.57,918.99,916.87,1808.57,126.67,1749.33,-59.24,0.37
gp1-25,f,20,28,10,16,3,3,45.1,882.92,1041.46,871.69,871.69,869.63,1022.98,839.47,842.14,575.64,126.67,437.33,-138.31,0.86
gp1-25,f,20,28,10,17,1,6,42.48,854.99,1059.5,923.25,923.25,861.02,1057.2,890.96,890.49,1003.67,126.67,981.33,-22.33,0.14
gp1-25,f,20,28,10,18,2,4,37.28,872.12,1045.89,937.8,937.8,867.31,1035.59,909.48,910.98,734.41,126.67,640,-94.41,0.59
gp1-25,f,20,28,10,19,1,5,45.1,882.92,1041.46,871.69,871.69,883.36,1034.62,836.84,837.51,892.25,126.67,773.33,-118.91,0.74
gp1-26,f,50,52,34,5,3,8,45.1,882.92,1041.46,871.69,871.69,902.96,1056.8,843.17,840.39,1406.54,126.67,1260.96,-145.58,0.91
gp1-26,f,50,52,34,6,2,4,42.48,854.99,1059.5,923.25,923.25,849.6,1046.7,890.85,893,722.47,126.67,823.2,100.73,0.63
gp1-26,f,50,52,34,7,1,6,45.1,882.92,1041.46,871.69,871.69,886.8,1037.96,837.05,837.01,966.37,126.67,993.12,26.75,0.17
gp1-26,f,50,52,34,8,5,10,42.48,854.99,1059.5,923.25,923.25,879.98,1081.68,901.94,899.03,1789.13,126.67,1500.01,-289.12,1.81
gp1-26,f,50,52,34,9,1,5,37.28,872.12,1045.89,937.8,937.8,873.2,1040.9,909.09,909.51,902.72,126.67,970.08,67.36,0.42
gp1-26,f,50,52,34,10,5,1,45.1,882.92,1041.46,871.69,871.69,858.46,1014.7,846.86,849.35,149,126.67,394.07,245.08,1.53
gp1-26,f,50,52,34,11,3,3,42.48,854.99,1059.5,923.25,923.25,840.08,1039.52,893.99,897.18,449.09,126.67,546.71,97.62,0.61
gp1-26,f,50,52,34,12,4,2,37.28,872.12,1045.89,937.8,937.8,856.64,1027.24,913.6,915.95,353.33,126.67,448.79,95.46,0.6
gp1-26,f,50,52,34,13,4,9,42.48,854.99,1059.5,923.25,923.25,877.01,1077.34,898.88,895.67,1574.65,126.67,1373.29,-201.37,1.26
gp1-26,f,50,52,34,14,5,1,45.1,882.92,1041.46,871.69,871.69,858.46,1014.7,846.86,849.35,149,126.67,402.71,253.72,1.59
gp1-26,f,50,52,34,15,1,6,37.28,872.12,1045.89,937.8,937.8,875.44,1043.09,909.27,909.21,966.37,126.67,972.96,6.59,0.04
gp1-26,f,50,52,34,16,1,5,45.1,882.92,1041.46,871.69,871.69,883.85,1035.08,836.85,837.42,902.72,126.67,944.16,41.44,0.26
gp1-26,f,50,52,34,17,2,4,37.28,872.12,1045.89,937.8,937.8,866.91,1035.25,909.55,911.12,722.47,126.67,762.72,40.25,0.25
gp1-26,f,50,52,34,18,2,7,42.48,854.99,1059.5,923.25,923.25,871.11,1069.12,894.63,891.85,1303.58,126.67,1243.68,-59.89,0.37
gp1-26,f,50,52,34,19,4,9,37.28,872.12,1045.89,937.8,937.8,890.93,1061.58,916.09,913.74,1574.65,126.67,1456.81,-117.85,0.74
gp1-27,f,20,20,2,5,5,10,45.1,882.92,1041.46,871.69,871.69,908.42,1064.2,847.93,845.27,1682.61,126.67,1507.04,-175.56,1.1
gp1-27,f,20,20,2,6,3,8,42.48,854.99,1059.5,923.25,923.25,874.98,1074.43,897.19,894,1466.02,126.67,1387.51,-78.5,0.49
gp1-27,f,20,20,2,7,3,3,37.28,872.12,1045.89,937.8,937.8,858.85,1028.88,912.32,914.65,449.77,126.67,337.04,-112.73,0.7
gp1-27,f,20,20,2,8,2,7,45.1,882.92,1041.46,871.69,871.69,897.35,1049.66,839.96,837.81,1221.89,126.67,1068.29,-153.59,0.96
gp1-27,f,20,20,2,9,4,9,42.48,854.99,1059.5,923.25,923.25,877.12,1077.51,898.99,895.78,1581.64,126.67,1435.33,-146.32,0.91
gp1-27,f,20,20,2,10,2,4,42.48,854.99,1059.5,923.25,923.25,851.92,1048.63,890.55,892.26,780.18,126.67,722.35,-57.83,0.36
gp1-27,f,20,20,2,11,5,1,45.1,882.92,1041.46,871.69,871.69,859.6,1015.54,845.78,848.39,212.46,126.67,338.45,125.99,0.79
gp1-27,f,20,20,2,12,1,5,37.28,872.12,1045.89,937.8,937.8,871.53,1039.32,909.08,909.84,855.4,126.67,801.1,-54.3,0.34
gp1-27,f,20,20,2,13,4,2,42.48,854.99,1059.5,923.25,923.25,837.16,1037.49,895.66,898.87,340.25,126.67,369.38,29.13,0.18
gp1-27,f,20,20,2,14,3,8,37.28,872.12,1045.89,937.8,937.8,889.09,1059.1,914.62,912.29,1466.02,126.67,1383.29,-82.72,0.52
gp1-27,f,20,20,2,15,1,6,45.1,882.92,1041.46,871.69,871.69,891.65,1043.06,837.95,836.87,1075.6,126.67,1041.57,-34.03,0.21
gp1-27,f,20,20,2,16,4,9,37.28,872.12,1045.89,937.8,937.8,891.03,1061.72,916.18,913.83,1581.64,126.67,1563.29,-18.35,0.11
gp1-27,f,20,20,2,17,2,4,45.1,882.92,1041.46,871.69,871.69,878.16,1029.93,837.16,838.8,780.18,126.67,857.35,77.17,0.48
gp1-27,f,20,20,2,18,2,7,42.48,854.99,1059.5,923.25,923.25,868.73,1066.06,893.42,891.07,1221.89,126.67,1210.32,-11.56,0.07
gp1-27,f,20,20,2,19,3,3,42.48,854.99,1059.5,923.25,923.25,840.1,1039.54,893.98,897.17,449.77,126.67,348.29,-101.48,0.63
gp1-28,f,40,40,22,5,1,5,37.28,872.12,1045.89,937.8,937.8,870.31,1038.21,909.13,910.12,820.86,126.67,954.39,133.53,0.83
gp1-28,f,40,40,22,6,4,9,45.1,882.92,1041.46,871.69,871.69,906.67,1061.79,846.18,843.38,1576.42,126.67,1311.57,-264.85,1.66
gp1-28,f,40,40,22,7,2,7,45.1,882.92,1041.46,871.69,871.69,898.53,1051.1,840.52,838.2,1255.96,126.67,1266.57,10.61,0.07
gp1-28,f,40,40,22,8,3,8,42.48,854.99,1059.5,923.25,923.25,874.29,1073.46,896.67,893.52,1433.43,126.67,1225.79,-207.64,1.3
gp1-28,f,40,40,22,9,2,4,37.28,872.12,1045.89,937.8,937.8,868.96,1037.02,909.25,910.48,782.48,126.67,825.01,42.53,0.27
gp1-28,f,40,40,22,10,4,2,37.28,872.12,1045.89,937.8,937.8,857.2,1027.65,913.25,915.61,379.12,126.67,813.76,434.64,2.72
gp1-28,f,40,40,22,11,1,6,42.48,854.99,1059.5,923.25,923.25,863.45,1059.82,891.51,890.41,1067.35,126.67,1045.79,-21.55,0.13
gp1-28,f,40,40,22,12,3,3,45.1,882.92,1041.46,871.69,871.69,870.22,1023.44,839.23,841.85,591.51,126.67,788.45,196.94,1.23
gp1-28,f,40,40,22,13,5,1,45.1,882.92,1041.46,871.69,871.69,859.4,1015.39,845.96,848.56,201.89,126.67,630.95,429.05,2.68
gp1-28,f,40,40,22,14,1,5,37.28,872.12,1045.89,937.8,937.8,870.31,1038.21,909.13,910.12,820.86,126.67,823.6,2.74,0.02
gp1-28,f,40,40,22,15,3,3,42.48,854.99,1059.5,923.25,923.25,844.68,1042.86,892.07,894.93,591.51,126.67,646.42,54.91,0.34
gp1-28,f,40,40,22,16,4,9,42.48,854.99,1059.5,923.25,923.25,877.04,1077.38,898.91,895.7,1576.42,126.67,1301.73,-274.69,1.72
gp1-28,f,40,40,22,17,5,1,45.1,882.92,1041.46,871.69,871.69,859.4,1015.39,845.96,848.56,201.89,126.67,602.82,400.93,2.51
gp1-28,f,40,40,22,18,3,8,37.28,872.12,1045.89,937.8,937.8,888.47,1058.27,914.18,911.88,1433.43,126.67,1239.86,-193.58,1.21
gp1-28,f,40,40,22,19,4,2,45.1,882.92,1041.46,871.69,871.69,863.4,1018.3,842.82,845.64,379.12,126.67,632.35,253.24,1.58
gp1-29,f,20,21,3,5,3,8,42.48,854.99,1059.5,923.25,923.25,874.64,1073.94,896.93,893.75,1449.59,126.67,1264.01,-185.58,1.16
gp1-29,f,20,21,3,6,5,10,45.1,882.92,1041.46,871.69,871.69,909.97,1066.32,849.71,847.26,1799.66,126.67,1324.01,-475.65,2.97
gp1-29,f,20,21,3,7,1,5,37.28,872.12,1045.89,937.8,937.8,872.96,1040.67,909.09,909.55,895.85,126.67,946.01,50.16,0.31
gp1-29,f,20,21,3,8,4,2,45.1,882.92,1041.46,871.69,871.69,861.32,1016.78,844.33,847.07,294.66,126.67,620.01,325.35,2.03
gp1-29,f,20,21,3,9,3,3,42.48,854.99,1059.5,923.25,923.25,841.39,1040.46,893.35,896.49,492.67,126.67,572,79.33,0.5
gp1-29,f,20,21,3,10,4,9,42.48,854.99,1059.5,923.25,923.25,876.5,1076.6,898.43,895.21,1545.18,126.67,1252.01,-293.17,1.83
gp1-29,f,20,21,3,11,5,1,37.28,872.12,1045.89,937.8,937.8,853.85,1025.2,915.63,917.87,203.71,126.67,316,112.29,0.7
gp1-29,f,20,21,3,12,2,4,45.1,882.92,1041.46,871.69,871.69,875.75,1027.88,837.58,839.59,726.31,126.67,848.01,121.69,0.76
gp1-29,f,20,21,3,13,1,6,45.1,882.92,1041.46,871.69,871.69,887.33,1038.5,837.12,836.96,977.88,126.67,1034.01,56.13,0.35
gp1-29,f,20,21,3,14,4,2,42.48,854.99,1059.5,923.25,923.25,836.09,1036.75,896.39,899.56,294.66,126.67,485,190.34,1.19
gp1-29,f,20,21,3,15,5,1,37.28,872.12,1045.89,937.8,937.8,853.85,1025.2,915.63,917.87,203.71,126.67,637.01,433.3,2.71
gp1-29,f,20,21,3,16,3,8,37.28,872.12,1045.89,937.8,937.8,888.78,1058.69,914.4,912.08,1449.59,126.67,1410.01,-39.58,0.25
gp1-29,f,20,21,3,17,4,9,42.48,854.99,1059.5,923.25,923.25,876.5,1076.6,898.43,895.21,1545.18,126.67,1383.01,-162.17,1.01
gp1-29,f,20,21,3,18,2,7,45.1,882.92,1041.46,871.69,871.69,897.27,1049.56,839.93,837.79,1219.44,126.67,1146.01,-73.43,0.46
gp1-29,f,20,21,3,19,1,6,42.48,854.99,1059.5,923.25,923.25,860,1056.15,890.79,890.58,977.88,126.67,1065.01,87.13,0.54
gp1-30,f,20,20,2,5,1,6,37.28,872.12,1045.89,937.8,937.8,875.6,1043.25,909.29,909.2,971.16,126.67,948.66,-22.5,0.14
gp1-30,f,20,20,2,6,5,1,45.1,882.92,1041.46,871.69,871.69,857.98,1014.35,847.34,849.78,119.8,126.67,140.75,20.95,0.13
gp1-30,f,20,20,2,7,4,2,42.48,854.99,1059.5,923.25,923.25,838.65,1038.52,894.76,897.98,398.02,126.67,427.48,29.46,0.18
gp1-30,f,20,20,2,8,2,7,37.28,872.12,1045.89,937.8,937.8,883.43,1051.91,911.4,909.71,1219.62,126.67,1221.95,2.32,0.01
gp1-30,f,20,20,2,9,3,3,45.1,882.92,1041.46,871.69,871.69,869.77,1023.09,839.41,842.07,579.41,126.67,606.68,27.27,0.17
gp1-30,f,20,20,2,10,2,4,37.28,872.12,1045.89,937.8,937.8,868.36,1036.49,909.32,910.66,764.92,126.67,711.21,-53.7,0.34
gp1-30,f,20,20,2,11,1,5,45.1,882.92,1041.46,871.69,871.69,883.49,1034.74,836.84,837.49,895.06,126.67,927.75,32.69,0.2
gp1-30,f,20,20,2,12,4,9,42.48,854.99,1059.5,923.25,923.25,877.96,1078.73,899.78,896.62,1634.74,126.67,1520.62,-114.12,0.71
gp1-30,f,20,20,2,13,5,10,45.1,882.92,1041.46,871.69,871.69,909.57,1065.78,849.23,846.72,1766.97,126.67,1658.01,-108.97,0.68
gp1-30,f,20,20,2,14,3,3,42.48,854.99,1059.5,923.25,923.25,844.25,1042.55,892.21,895.12,579.41,126.67,657.45,78.04,0.49
gp1-30,f,20,20,2,15,2,4,37.28,872.12,1045.89,937.8,937.8,868.36,1036.49,909.32,910.66,764.92,126.67,754.52,-10.39,0.06
gp1-30,f,20,20,2,16,3,8,45.1,882.92,1041.46,871.69,871.69,903.07,1056.94,843.25,840.46,1410.62,126.67,1366.8,-43.82,0.27
gp1-30,f,20,20,2,17,2,7,42.48,854.99,1059.5,923.25,923.25,868.66,1065.97,893.39,891.05,1219.62,126.67,1323.49,103.87,0.65
gp1-30,f,20,20,2,18,1,6,37.28,872.12,1045.89,937.8,937.8,875.6,1043.25,909.29,909.2,971.16,126.67,1024.82,53.66,0.34
gp1-30,f,20,20,2,19,1,5,42.48,854.99,1059.5,923.25,923.25,856.64,1052.86,890.45,891.08,895.06,126.67,930.74,35.68,0.22
gp1-31,m,20,20,2,5,4,2,37.28,872.12,1045.89,937.8,937.8,855.31,1026.26,914.51,916.83,286.51,126.67,133.33,-153.17,0.96
gp1-31,m,20,20,2,6,1,5,45.1,882.92,1041.46,871.69,871.69,886.4,1037.57,837.01,837.05,957.78,126.67,952,-5.78,0.04
gp1-31,m,20,20,2,7,1,6,45.1,882.92,1041.46,871.69,871.69,892.29,1043.77,838.12,836.91,1090.85,126.67,1069.33,-21.52,0.13
gp1-31,m,20,20,2,8,2,4,37.28,872.12,1045.89,937.8,937.8,865.04,1033.7,909.96,911.79,665.68,126.67,610.67,-55.02,0.34
gp1-31,m,20,20,2,9,5,1,42.48,854.99,1059.5,923.25,923.25,832.91,1034.58,898.93,901.85,131.72,126.67,214.67,82.95,0.52
gp1-31,m,20,20,2,10,2,7,45.1,882.92,1041.46,871.69,871.69,896.72,1048.9,839.68,837.64,1204.13,126.67,1126.67,-77.46,0.48
gp1-31,m,20,20,2,11,5,10,37.28,872.12,1045.89,937.8,937.8,892.5,1063.73,917.55,915.28,1688.43,126.67,1541.33,-147.09,0.92
gp1-31,m,20,20,2,12,4,9,42.48,854.99,1059.5,923.25,923.25,876.96,1077.27,898.84,895.63,1571.95,126.67,1589.33,17.39,0.11
gp1-31,m,20,20,2,13,3,3,45.1,882.92,1041.46,871.69,871.69,866.48,1020.59,840.96,843.78,484.32,126.67,393.33,-90.98,0.57
gp1-31,m,20,20,2,14,5,1,42.48,854.99,1059.5,923.25,923.25,832.91,1034.58,898.93,901.85,131.72,126.67,132,0.28,0
gp1-31,m,20,20,2,15,3,8,37.28,872.12,1045.89,937.8,937.8,886.05,1055.15,912.68,910.61,1322.07,126.67,1280,-42.07,0.26
gp1-31,m,20,20,2,16,4,9,37.28,872.12,1045.89,937.8,937.8,890.88,1061.52,916.05,913.7,1571.95,126.67,1640,68.05,0.43
gp1-31,m,20,20,2,17,1,5,42.48,854.99,1059.5,923.25,923.25,859.19,1055.34,890.68,890.67,957.78,126.67,953.33,-4.45,0.03
gp1-31,m,20,20,2,18,5,10,45.1,882.92,1041.46,871.69,871.69,908.51,1064.31,848.02,845.37,1688.43,126.67,1588,-100.43,0.63
gp1-31,m,20,20,2,19,1,6,37.28,872.12,1045.89,937.8,937.8,879.6,1047.48,910.07,909.12,1090.85,126.67,990.67,-100.19,0.63
gp1-32,f,20,29,11,5,3,8,37.28,872.12,1045.89,937.8,937.8,887.77,1057.35,913.71,911.46,1398.92,126.67,1309.01,-89.91,0.56
gp1-32,f,20,29,11,6,4,9,42.48,854.99,1059.5,923.25,923.25,877.73,1078.38,899.55,896.37,1619.07,126.67,1496.01,-123.06,0.77
gp1-32,f,20,29,11,7,1,5,42.48,854.99,1059.5,923.25,923.25,859.07,1055.22,890.66,890.69,954.84,126.67,960.01,5.17,0.03
gp1-32,f,20,29,11,8,5,1,37.28,872.12,1045.89,937.8,937.8,852.46,1024.19,916.86,918.98,110.68,126.67,321,210.33,1.31
gp1-32,f,20,29,11,9,4,2,45.1,882.92,1041.46,871.69,871.69,863.05,1018.05,843.05,845.87,365.91,126.67,421,55.09,0.34
gp1-32,f,20,29,11,10,2,4,37.28,872.12,1045.89,937.8,937.8,866.3,1034.74,909.67,911.33,704.4,126.67,621.01,-83.4,0.52
gp1-32,f,20,29,11,11,2,7,42.48,854.99,1059.5,923.25,923.25,870.37,1068.15,894.23,891.57,1277.03,126.67,1228.01,-49.02,0.31
gp1-32,f,20,29,11,12,5,10,45.1,882.92,1041.46,871.69,871.69,909.74,1066.01,849.43,846.94,1780.43,126.67,1579.01,-201.41,1.26
gp1-32,f,20,29,11,13,1,6,45.1,882.92,1041.46,871.69,871.69,889.37,1040.6,837.44,836.85,1023.12,126.67,1016.01,-7.12,0.04
gp1-32,f,20,29,11,14,3,3,37.28,872.12,1045.89,937.8,937.8,860.2,1029.9,911.66,913.94,502.17,126.67,485,-17.16,0.11
gp1-32,f,20,29,11,15,5,10,42.48,854.99,1059.5,923.25,923.25,879.88,1081.54,901.82,898.9,1780.43,126.67,1596.01,-184.41,1.15
gp1-32,f,20,29,11,16,3,8,37.28,872.12,1045.89,937.8,937.8,887.77,1057.35,913.71,911.46,1398.92,126.67,1378.01,-20.91,0.13
gp1-32,f,20,29,11,17,4,9,45.1,882.92,1041.46,871.69,871.69,907.42,1062.82,846.9,844.14,1619.07,126.67,1539.01,-80.06,0.5
gp1-32,f,20,29,11,18,5,1,42.48,854.99,1059.5,923.25,923.25,832.57,1034.35,899.25,902.13,110.68,126.67,227,116.33,0.73
gp1-32,f,20,29,11,19,1,6,37.28,872.12,1045.89,937.8,937.8,877.38,1045.08,909.56,909.09,1023.12,126.67,945.01,-78.12,0.49
gp1-33,f,20,23,5,5,1,6,45.1,882.92,1041.46,871.69,871.69,886.72,1037.88,837.04,837.02,964.6,126.67,991.26,26.65,0.17
gp1-33,f,20,23,5,6,4,2,37.28,872.12,1045.89,937.8,937.8,857.98,1028.23,912.8,915.15,413.45,126.67,395,-18.44,0.12
gp1-33,f,20,23,5,7,5,10,42.48,854.99,1059.5,923.25,923.25,879.3,1080.69,901.17,898.16,1732.21,126.67,1511.26,-220.95,1.38
gp1-33,f,20,23,5,8,1,5,45.1,882.92,1041.46,871.69,871.69,883.24,1034.5,836.84,837.54,889.69,126.67,978.76,89.07,0.56
gp1-33,f,20,23,5,9,4,9,37.28,872.12,1045.89,937.8,937.8,889.99,1060.31,915.31,912.96,1516.61,126.67,1441.26,-75.35,0.47
gp1-33,f,20,23,5,10,3,3,45.1,882.92,1041.46,871.69,871.69,865.19,1019.63,841.68,844.52,442.78,126.67,597.5,154.72,0.97
gp1-33,f,20,23,5,11,2,4,42.48,854.99,1059.5,923.25,923.25,845.44,1043.44,891.83,894.6,612.86,126.67,640.01,27.14,0.17
gp1-33,f,20,23,5,12,5,1,37.28,872.12,1045.89,937.8,937.8,853.84,1025.19,915.64,917.88,203.22,126.67,405,201.79,1.26
gp1-33,f,20,23,5,13,2,7,37.28,872.12,1045.89,937.8,937.8,885.61,1054.59,912.44,910.42,1303.59,126.67,1417.51,113.92,0.71
gp1-33,f,20,23,5,14,5,1,45.1,882.92,1041.46,871.69,871.69,859.43,1015.41,845.94,848.54,203.22,126.67,413.75,210.54,1.32
gp1-33,f,20,23,5,15,1,6,42.48,854.99,1059.5,923.25,923.25,859.47,1055.61,890.71,890.64,964.6,126.67,940.01,-24.6,0.15
gp1-33,f,20,23,5,16,3,3,45.1,882.92,1041.46,871.69,871.69,865.19,1019.63,841.68,844.52,442.78,126.67,401.25,-41.53,0.26
gp1-33,f,20,23,5,17,4,9,37.28,872.12,1045.89,937.8,937.8,889.99,1060.31,915.31,912.96,1516.61,126.67,1525.01,8.4,0.05
gp1-33,f,20,23,5,18,2,4,42.48,854.99,1059.5,923.25,923.25,845.44,1043.44,891.83,894.6,612.86,126.67,400,-212.86,1.33
gp1-33,f,20,23,5,19,2,7,37.28,872.12,1045.89,937.8,937.8,885.61,1054.59,912.44,910.42,1303.59,126.67,1390.01,86.42,0.54
gp1-34,f,30,37,19,5,1,6,45.1,882.92,1041.46,871.69,871.69,888.36,1039.56,837.26,836.89,1000.73,126.67,997.5,-3.23,0.02
gp1-34,f,30,37,19,6,3,3,42.48,854.99,1059.5,923.25,923.25,840.17,1039.59,893.94,897.13,452.24,126.67,701.25,249.01,1.56
gp1-34,f,30,37,19,7,4,9,42.48,854.99,1059.5,923.25,923.25,877.56,1078.13,899.39,896.2,1608.36,126.67,1336.88,-271.48,1.7
gp1-34,f,30,37,19,8,1,5,37.28,872.12,1045.89,937.8,937.8,870.75,1038.61,909.11,910.01,833.4,126.67,862.5,29.1,0.18
gp1-34,f,30,37,19,9,2,7,45.1,882.92,1041.46,871.69,871.69,898.44,1051,840.48,838.17,1253.39,126.67,1282.5,29.11,0.18
gp1-34,f,30,37,19,10,4,2,42.48,854.99,1059.5,923.25,923.25,838.73,1038.58,894.71,897.93,401.19,126.67,474.38,73.19,0.46
gp1-34,f,30,37,19,11,5,1,45.1,882.92,1041.46,871.69,871.69,859.78,1015.66,845.63,848.25,221.31,126.67,140.62,-80.68,0.5
gp1-34,f,30,37,19,12,3,8,37.28,872.12,1045.89,937.8,937.8,886.39,1055.58,912.87,910.76,1336.42,126.67,1505.62,169.2,1.06
gp1-34,f,30,37,19,13,2,4,45.1,882.92,1041.46,871.69,871.69,875.63,1027.78,837.61,839.63,723.46,126.67,800.62,77.17,0.48
gp1-34,f,30,37,19,14,2,4,42.48,854.99,1059.5,923.25,923.25,849.64,1046.73,890.85,892.99,723.46,126.67,744.38,20.92,0.13
gp1-34,f,30,37,19,15,1,5,37.28,872.12,1045.89,937.8,937.8,870.75,1038.61,909.11,910.01,833.4,126.67,855,21.6,0.13
gp1-34,f,30,37,19,16,4,2,37.28,872.12,1045.89,937.8,937.8,857.7,1028.02,912.96,915.31,401.19,126.67,238.12,-163.06,1.02
gp1-34,f,30,37,19,17,3,3,45.1,882.92,1041.46,871.69,871.69,865.48,1019.84,841.51,844.35,452.24,126.67,249.38,-202.87,1.27
gp1-34,f,30,37,19,18,5,1,42.48,854.99,1059.5,923.25,923.25,834.54,1035.69,897.55,900.62,221.31,126.67,645,423.69,2.65
gp1-34,f,30,37,19,19,2,7,37.28,872.12,1045.89,937.8,937.8,884.34,1053.01,911.8,909.97,1253.39,126.67,1496.25,242.86,1.52
gp1-35,f,19,19,1,5,3,3,42.48,854.99,1059.5,923.25,923.25,843.39,1041.91,892.52,895.51,554.41,126.67,627.35,72.94,0.46
gp1-35,f,19,19,1,6,4,2,37.28,872.12,1045.89,937.8,937.8,855.3,1026.26,914.51,916.83,286.33,126.67,535.19,248.86,1.56
gp1-35,f,19,19,1,7,1,6,45.1,882.92,1041.46,871.69,871.69,888.26,1039.45,837.25,836.89,998.38,126.67,981.6,-16.77,0.1
gp1-35,f,19,19,1,8,1,5,37.28,872.12,1045.89,937.8,937.8,871.06,1038.89,909.09,909.94,842.24,126.67,857.76,15.52,0.1
gp1-35,f,19,19,1,9,2,7,42.48,854.99,1059.5,923.25,923.25,866.41,1063.22,892.46,890.62,1150.41,126.67,1165.92,15.52,0.1
gp1-35,f,19,19,1,10,3,8,45.1,882.92,1041.46,871.69,871.69,903.43,1057.42,843.51,840.7,1425.07,126.67,1275.36,-149.71,0.94
gp1-35,f,19,19,1,11,2,4,37.28,872.12,1045.89,937.8,937.8,864.71,1033.43,910.05,911.92,655.45,126.67,699.36,43.9,0.27
gp1-35,f,19,19,1,12,4,9,42.48,854.99,1059.5,923.25,923.25,876.55,1076.67,898.47,895.25,1548.05,126.67,1324.33,-223.72,1.4
gp1-35,f,19,19,1,13,5,1,45.1,882.92,1041.46,871.69,871.69,860.44,1016.14,845.06,847.74,253.93,126.67,635.99,382.06,2.39
gp1-35,f,19,19,1,14,3,3,42.48,854.99,1059.5,923.25,923.25,843.39,1041.91,892.52,895.51,554.41,126.67,699.36,144.94,0.91
gp1-35,f,19,19,1,15,2,4,37.28,872.12,1045.89,937.8,937.8,864.71,1033.43,910.05,911.92,655.45,126.67,687.84,32.38,0.2
gp1-35,f,19,19,1,16,2,7,42.48,854.99,1059.5,923.25,923.25,866.41,1063.22,892.46,890.62,1150.41,126.67,1275.36,124.96,0.78
gp1-35,f,19,19,1,17,1,6,45.1,882.92,1041.46,871.69,871.69,888.26,1039.45,837.25,836.89,998.38,126.67,967.2,-31.17,0.19
gp1-35,f,19,19,1,18,4,2,37.28,872.12,1045.89,937.8,937.8,855.3,1026.26,914.51,916.83,286.33,126.67,581.27,294.94,1.84
gp1-35,f,19,19,1,19,4,9,42.48,854.99,1059.5,923.25,923.25,876.55,1076.67,898.47,895.25,1548.05,126.67,1335.85,-212.2,1.33
gp1-36,f,20,21,3,5,2,7,45.1,882.92,1041.46,871.69,871.69,897.27,1049.57,839.93,837.79,1219.61,126.67,1121.26,-98.35,0.61
gp1-36,f,20,21,3,6,4,9,37.28,872.12,1045.89,937.8,937.8,891.34,1062.15,916.45,914.12,1602.61,126.67,1356.26,-246.35,1.54
gp1-36,f,20,21,3,7,4,2,42.48,854.99,1059.5,923.25,923.25,838.48,1038.4,894.86,898.08,391.63,126.67,577.5,185.87,1.16
gp1-36,f,20,21,3,8,3,3,37.28,872.12,1045.89,937.8,937.8,861.47,1030.87,911.12,913.31,548.34,126.67,613.76,65.42,0.41
gp1-36,f,20,21,3,9,1,5,45.1,882.92,1041.46,871.69,871.69,884.86,1036.05,836.89,837.26,924.48,126.67,956.26,31.78,0.2
gp1-36,f,20,21,3,10,3,8,45.1,882.92,1041.46,871.69,871.69,903.34,1057.3,843.45,840.64,1421.69,126.67,1272.51,-149.18,0.93
gp1-36,f,20,21,3,11,5,1,37.28,872.12,1045.89,937.8,937.8,853.83,1025.18,915.65,917.89,202.18,126.67,335,132.82,0.83
gp1-36,f,20,21,3,12,1,6,42.48,854.99,1059.5,923.25,923.25,861.52,1057.73,891.06,890.45,1016.5,126.67,961.26,-55.24,0.35
gp1-36,f,20,21,3,13,2,4,45.1,882.92,1041.46,871.69,871.69,872.82,1025.49,838.33,840.71,657.29,126.67,640.01,-17.29,0.11
gp1-36,f,20,21,3,14,2,4,42.48,854.99,1059.5,923.25,923.25,847.08,1044.7,891.37,893.93,657.29,126.67,703.76,46.46,0.29
gp1-36,f,20,21,3,15,5,1,37.28,872.12,1045.89,937.8,937.8,853.83,1025.18,915.65,917.89,202.18,126.67,398.75,196.57,1.23
gp1-36,f,20,21,3,16,3,8,37.28,872.12,1045.89,937.8,937.8,888.23,1057.97,914.02,911.74,1421.69,126.67,1295.01,-126.68,0.79
gp1-36,f,20,21,3,17,4,9,45.1,882.92,1041.46,871.69,871.69,907.14,1062.43,846.62,843.85,1602.61,126.67,1341.26,-261.35,1.63
gp1-36,f,20,21,3,18,5,10,42.48,854.99,1059.5,923.25,923.25,879.01,1080.26,900.85,897.8,1709.01,126.67,1420.01,-289,1.81
gp1-36,f,20,21,3,19,1,6,42.48,854.99,1059.5,923.25,923.25,861.52,1057.73,891.06,890.45,1016.5,126.67,951.26,-65.24,0.41
gp1-37,f,19,19,1,5,5,1,45.1,882.92,1041.46,871.69,871.69,858.34,1014.62,846.98,849.46,141.82,126.67,612,470.18,2.94
gp1-37,f,19,19,1,6,1,6,42.48,854.99,1059.5,923.25,923.25,864.74,1061.28,891.89,890.45,1102.76,126.67,1105.33,2.58,0.02
gp1-37,f,19,19,1,7,2,7,42.48,854.99,1059.5,923.25,923.25,865.97,1062.7,892.29,890.56,1137.42,126.67,1106.67,-30.76,0.19
gp1-37,f,19,19,1,8,1,5,45.1,882.92,1041.46,871.69,871.69,881.59,1032.98,836.86,837.88,854.48,126.67,905.33,50.85,0.32
gp1-37,f,19,19,1,9,3,3,37.28,872.12,1045.89,937.8,937.8,862.29,1031.51,910.81,912.93,576.71,126.67,612,35.29,0.22
gp1-37,f,19,19,1,10,4,9,37.28,872.12,1045.89,937.8,937.8,891.98,1063.01,917.04,914.73,1647.97,126.67,1453.33,-194.64,1.22
gp1-37,f,19,19,1,11,4,2,42.48,854.99,1059.5,923.25,923.25,836.79,1037.23,895.91,899.11,324.9,126.67,506.67,181.77,1.14
gp1-37,f,19,19,1,12,3,8,45.1,882.92,1041.46,871.69,871.69,903.29,1057.23,843.41,840.61,1419.51,126.67,1362.67,-56.85,0.36
gp1-37,f,19,19,1,13,5,10,45.1,882.92,1041.46,871.69,871.69,909.59,1065.81,849.26,846.75,1768.71,126.67,1674.67,-94.05,0.59
gp1-37,f,19,19,1,14,3,3,37.28,872.12,1045.89,937.8,937.8,862.29,1031.51,910.81,912.93,576.71,126.67,688,111.29,0.7
gp1-37,f,19,19,1,15,2,4,42.48,854.99,1059.5,923.25,923.25,851.26,1048.07,890.62,892.46,763.87,126.67,789.33,25.46,0.16
gp1-37,f,19,19,1,16,5,10,42.48,854.99,1059.5,923.25,923.25,879.75,1081.34,901.67,898.72,1768.71,126.67,1620,-148.71,0.93
gp1-37,f,19,19,1,17,2,7,37.28,872.12,1045.89,937.8,937.8,881.05,1049.11,910.5,909.26,1137.42,126.67,1144,6.58,0.04
gp1-37,f,19,19,1,18,1,6,45.1,882.92,1041.46,871.69,871.69,892.78,1044.32,838.26,836.95,1102.76,126.67,1069.33,-33.42,0.21
gp1-37,f,19,19,1,19,1,5,45.1,882.92,1041.46,871.69,871.69,881.59,1032.98,836.86,837.88,854.48,126.67,893.33,38.85,0.24
gp1-38,f,40,41,23,5,5,10,45.1,882.92,1041.46,871.69,871.69,909.22,1065.29,848.82,846.25,1739.44,126.67,1376.01,-363.43,2.27
gp1-38,f,40,41,23,6,2,7,37.28,872.12,1045.89,937.8,937.8,885.66,1054.65,912.46,910.44,1305.46,126.67,1228.01,-77.45,0.48
gp1-38,f,40,41,23,7,4,2,45.1,882.92,1041.46,871.69,871.69,863.23,1018.18,842.93,845.75,373.01,126.67,373,-0.01,0
gp1-38,f,40,41,23,8,3,3,42.48,854.99,1059.5,923.25,923.25,840.79,1040.03,893.64,896.8,473.01,126.67,529,55.99,0.35
gp1-38,f,40,41,23,9,5,1,37.28,872.12,1045.89,937.8,937.8,852.74,1024.39,916.6,918.74,130.88,126.67,254,123.12,0.77
gp1-38,f,40,41,23,10,3,8,42.48,854.99,1059.5,923.25,923.25,874.95,1074.38,897.17,893.97,1464.48,126.67,1401.01,-63.47,0.4
gp1-38,f,40,41,23,11,4,9,45.1,882.92,1041.46,871.69,871.69,905.48,1060.17,845.12,842.28,1515.4,126.67,1572.01,56.62,0.35
gp1-38,f,40,41,23,12,1,6,37.28,872.12,1045.89,937.8,937.8,878.1,1045.85,909.7,909.07,1044.7,126.67,1030.01,-14.69,0.09
gp1-38,f,40,41,23,13,1,5,45.1,882.92,1041.46,871.69,871.69,879.55,1031.14,837,838.4,810.48,126.67,816.01,5.53,0.03
gp1-38,f,40,41,23,14,3,8,37.28,872.12,1045.89,937.8,937.8,889.06,1059.06,914.6,912.27,1464.48,126.67,1346.01,-118.47,0.74
gp1-38,f,40,41,23,15,5,10,42.48,854.99,1059.5,923.25,923.25,879.39,1080.82,901.27,898.27,1739.44,126.67,1395.01,-344.43,2.15
gp1-38,f,40,41,23,16,4,9,45.1,882.92,1041.46,871.69,871.69,905.48,1060.17,845.12,842.28,1515.4,126.67,1324.01,-191.39,1.2
gp1-38,f,40,41,23,17,5,1,42.48,854.99,1059.5,923.25,923.25,832.9,1034.57,898.95,901.87,130.88,126.67,161,30.12,0.19
gp1-38,f,40,41,23,18,2,7,37.28,872.12,1045.89,937.8,937.8,885.66,1054.65,912.46,910.44,1305.46,126.67,1287.01,-18.45,0.12
gp1-38,f,40,41,23,19,4,2,45.1,882.92,1041.46,871.69,871.69,863.23,1018.18,842.93,845.75,373.01,126.67,415,41.99,0.26
gp1-39,m,20,24,6,5,4,9,45.1,882.92,1041.46,871.69,871.69,907.65,1063.14,847.13,844.4,1633.31,126.67,1641.01,7.7,0.05
gp1-39,m,20,24,6,6,4,2,42.48,854.99,1059.5,923.25,923.25,838.77,1038.61,894.69,897.91,402.67,126.67,288,-114.66,0.72
gp1-39,m,20,24,6,7,5,1,42.48,854.99,1059.5,923.25,923.25,832.39,1034.23,899.42,902.27,99.7,126.67,82,-17.7,0.11
gp1-39,m,20,24,6,8,5,10,37.28,872.12,1045.89,937.8,937.8,893.46,1065.05,918.57,916.4,1772.14,126.67,1811.01,38.88,0.24
gp1-39,m,20,24,6,9,2,7,45.1,882.92,1041.46,871.69,871.69,899.98,1052.94,841.3,838.78,1301.24,126.67,1286.01,-15.23,0.1
gp1-39,m,20,24,6,10,1,6,45.1,882.92,1041.46,871.69,871.69,894,1045.69,838.64,837.09,1132.62,126.67,1149.01,16.39,0.1
gp1-39,m,20,24,6,11,1,5,37.28,872.12,1045.89,937.8,937.8,873.89,1041.56,909.13,909.4,922.2,126.67,873.01,-49.2,0.31
gp1-39,m,20,24,6,12,3,3,42.48,854.99,1059.5,923.25,923.25,840.97,1040.15,893.55,896.71,478.82,126.67,411,-67.82,0.42
gp1-39,m,20,24,6,13,2,4,37.28,872.12,1045.89,937.8,937.8,868.48,1036.6,909.31,910.62,768.55,126.67,623.01,-145.55,0.91
gp1-39,m,20,24,6,14,1,6,42.48,854.99,1059.5,923.25,923.25,865.8,1062.5,892.24,890.54,1132.62,126.67,1093.01,-39.61,0.25
gp1-39,m,20,24,6,15,5,1,45.1,882.92,1041.46,871.69,871.69,857.67,1014.12,847.67,850.07,99.7,126.67,84,-15.7,0.1
gp1-39,m,20,24,6,16,2,4,42.48,854.99,1059.5,923.25,923.25,851.45,1048.23,890.6,892.4,768.55,126.67,689.01,-79.55,0.5
gp1-39,m,20,24,6,17,2,7,45.1,882.92,1041.46,871.69,871.69,899.98,1052.94,841.3,838.78,1301.24,126.67,1271.01,-30.23,0.19
gp1-39,m,20,24,6,18,4,2,37.28,872.12,1045.89,937.8,937.8,857.73,1028.04,912.94,915.29,402.67,126.67,83,-319.66,2
gp1-39,m,20,24,6,19,5,10,45.1,882.92,1041.46,871.69,871.69,909.64,1065.87,849.31,846.81,1772.14,126.67,1816.01,43.88,0.27
gp1-40,f,19,19,1,5,5,10,37.28,872.12,1045.89,937.8,937.8,892.31,1063.47,917.37,915.08,1673.56,126.67,1525.5,-148.06,0.93
gp1-40,f,19,19,1,6,1,6,45.1,882.92,1041.46,871.69,871.69,890.35,1041.64,837.64,836.84,1045.41,126.67,978,-67.41,0.42
gp1-40,f,19,19,1,7,5,1,37.28,872.12,1045.89,937.8,937.8,852.54,1024.25,916.78,918.91,116.84,126.67,154.5,37.66,0.24
gp1-40,f,19,19,1,8,4,2,45.1,882.92,1041.46,871.69,871.69,864.28,1018.96,842.24,845.07,411.53,126.67,478.5,66.97,0.42
gp1-40,f,19,19,1,9,2,4,42.48,854.99,1059.5,923.25,923.25,847.14,1044.75,891.36,893.91,658.99,126.67,712.5,53.51,0.33
gp1-40,f,19,19,1,10,3,8,45.1,882.92,1041.46,871.69,871.69,900.96,1054.18,841.87,839.24,1333.56,126.67,1195.5,-138.06,0.86
gp1-40,f,19,19,1,11,2,7,42.48,854.99,1059.5,923.25,923.25,865.92,1062.64,892.28,890.56,1136.05,126.67,1045.5,-90.55,0.57
gp1-40,f,19,19,1,12,3,3,37.28,872.12,1045.89,937.8,937.8,860.83,1030.38,911.38,913.62,525.55,126.67,621,95.45,0.6
gp1-40,f,19,19,1,13,4,9,37.28,872.12,1045.89,937.8,937.8,891.6,1062.5,916.69,914.36,1620.59,126.67,1473,-147.59,0.92
gp1-40,f,19,19,1,14,1,6,42.48,854.99,1059.5,923.25,923.25,862.63,1058.92,891.31,890.41,1045.41,126.67,937.5,-107.91,0.67
gp1-40,f,19,19,1,15,5,1,45.1,882.92,1041.46,871.69,871.69,857.93,1014.32,847.39,849.82,116.84,126.67,84,-32.84,0.21
gp1-40,f,19,19,1,16,2,7,45.1,882.92,1041.46,871.69,871.69,894.13,1045.85,838.69,837.11,1136.05,126.67,1120.5,-15.55,0.1
gp1-40,f,19,19,1,17,3,8,42.48,854.99,1059.5,923.25,923.25,871.9,1070.19,895.1,892.19,1333.56,126.67,1234.5,-99.06,0.62
gp1-40,f,19,19,1,18,5,10,37.28,872.12,1045.89,937.8,937.8,892.31,1063.47,917.37,915.08,1673.56,126.67,1545,-128.56,0.8
gp1-40,f,19,19,1,19,1,5,45.1,882.92,1041.46,871.69,871.69,881.05,1032.49,836.89,838.01,842.98,126.67,865.5,22.52,0.14
gp1-41,m,30,38,20,5,3,3,45.1,882.92,1041.46,871.69,871.69,868.9,1022.42,839.78,842.5,555.49,126.67,128,-427.49,2.67
gp1-41,m,30,38,20,6,2,4,42.48,854.99,1059.5,923.25,923.25,848.36,1045.71,891.08,893.44,690.85,126.67,544,-146.85,0.92
gp1-41,m,30,38,20,7,1,5,37.28,872.12,1045.89,937.8,937.8,870.32,1038.22,909.13,910.12,821.24,126.67,727.01,-94.24,0.59
gp1-41,m,30,38,20,8,4,2,45.1,882.92,1041.46,871.69,871.69,862.79,1017.86,843.23,846.04,355.98,126.67,426,70.02,0.44
gp1-41,m,30,38,20,9,3,8,42.48,854.99,1059.5,923.25,923.25,872.89,1071.53,895.72,892.69,1372.93,126.67,1432.01,59.08,0.37
gp1-41,m,30,38,20,10,2,7,45.1,882.92,1041.46,871.69,871.69,894.32,1046.06,838.75,837.14,1140.69,126.67,1147.01,6.32,0.04
gp1-41,m,30,38,20,11,5,10,42.48,854.99,1059.5,923.25,923.25,878.68,1079.78,900.5,897.41,1684.77,126.67,1470.01,-214.76,1.34
gp1-41,m,30,38,20,12,5,1,37.28,872.12,1045.89,937.8,937.8,854.19,1025.45,915.36,917.62,224.26,126.67,266,41.75,0.26
gp1-41,m,30,38,20,13,1,6,37.28,872.12,1045.89,937.8,937.8,879.87,1047.78,910.14,909.14,1099.24,126.67,1141.01,41.77,0.26
gp1-41,m,30,38,20,14,2,4,45.1,882.92,1041.46,871.69,871.69,874.22,1026.62,837.94,840.15,690.85,126.67,476,-214.85,1.34
gp1-41,m,30,38,20,15,1,5,42.48,854.99,1059.5,923.25,923.25,853.6,1050.09,890.44,891.78,821.24,126.67,768.01,-53.23,0.33
gp1-41,m,30,38,20,16,4,2,37.28,872.12,1045.89,937.8,937.8,856.7,1027.28,913.57,915.92,355.98,126.67,402,46.02,0.29
gp1-41,m,30,38,20,17,2,7,45.1,882.92,1041.46,871.69,871.69,894.32,1046.06,838.75,837.14,1140.69,126.67,1172.01,31.32,0.2
gp1-41,m,30,38,20,18,3,3,42.48,854.99,1059.5,923.25,923.25,843.43,1041.94,892.51,895.5,555.49,126.67,268,-287.49,1.8
gp1-41,m,30,38,20,19,5,10,45.1,882.92,1041.46,871.69,871.69,908.45,1064.24,847.97,845.31,1684.77,126.67,1465.01,-219.76,1.37
gp1-42,m,18,18,0,5,5,10,45.1,882.92,1041.46,871.69,871.69,909.67,1065.91,849.34,846.85,1774.71,126.67,1618.01,-156.7,0.98
gp1-42,m,18,18,0,6,1,5,37.28,872.12,1045.89,937.8,937.8,871.35,1039.16,909.08,909.87,850.5,126.67,851.01,0.5,0
gp1-42,m,18,18,0,7,4,2,37.28,872.12,1045.89,937.8,937.8,855.33,1026.28,914.49,916.81,287.94,126.67,493,205.06,1.28
gp1-42,m,18,18,0,8,4,9,45.1,882.92,1041.46,871.69,871.69,907.64,1063.12,847.12,844.39,1632.56,126.67,1465.01,-167.54,1.05
gp1-42,m,18,18,0,9,2,7,42.48,854.99,1059.5,923.25,923.25,867.13,1064.08,892.73,890.73,1171.72,126.67,1096.01,-75.71,0.47
gp1-42,m,18,18,0,10,3,3,37.28,872.12,1045.89,937.8,937.8,862.34,1031.55,910.79,912.91,578.5,126.67,713.01,134.51,0.84
gp1-42,m,18,18,0,11,3,8,42.48,854.99,1059.5,923.25,923.25,872.75,1071.33,895.62,892.61,1367.12,126.67,1264.01,-103.11,0.64
gp1-42,m,18,18,0,12,5,1,45.1,882.92,1041.46,871.69,871.69,860.03,1015.85,845.4,848.05,234.34,126.67,132,-102.34,0.64
gp1-42,m,18,18,0,13,2,4,45.1,882.92,1041.46,871.69,871.69,875.04,1027.3,837.74,839.84,710.1,126.67,739.01,28.91,0.18
gp1-42,m,18,18,0,14,2,7,37.28,872.12,1045.89,937.8,937.8,882.07,1050.29,910.85,909.41,1171.72,126.67,1061.01,-110.71,0.69
gp1-42,m,18,18,0,15,1,5,42.48,854.99,1059.5,923.25,923.25,854.81,1051.17,890.41,891.48,850.5,126.67,871.01,20.5,0.13
gp1-42,m,18,18,0,16,2,4,42.48,854.99,1059.5,923.25,923.25,849.11,1046.31,890.94,893.17,710.1,126.67,806.01,95.91,0.6
gp1-42,m,18,18,0,17,3,3,37.28,872.12,1045.89,937.8,937.8,862.34,1031.55,910.79,912.91,578.5,126.67,629.01,50.51,0.32
gp1-42,m,18,18,0,18,4,2,45.1,882.92,1041.46,871.69,871.69,861.17,1016.67,844.45,847.18,287.94,126.67,508,220.06,1.38
gp1-42,m,18,18,0,19,3,8,37.28,872.12,1045.89,937.8,937.8,887.08,1056.47,913.28,911.09,1367.12,126.67,1391.01,23.89,0.15
gp1-43,f,20,22,4,5,3,3,45.1,882.92,1041.46,871.69,871.69,867.7,1021.5,840.34,843.11,521.2,126.67,681,159.8,1
gp1-43,f,20,22,4,6,4,2,37.28,872.12,1045.89,937.8,937.8,855.99,1026.76,914.03,916.37,321.6,126.67,481.5,159.9,1
gp1-43,f,20,22,4,7,1,5,45.1,882.92,1041.46,871.69,871.69,878.56,1030.28,837.11,838.68,789.09,126.67,766.5,-22.59,0.14
gp1-43,f,20,22,4,8,3,8,37.28,872.12,1045.89,937.8,937.8,887.09,1056.48,913.28,911.1,1367.42,126.67,1440,72.58,0.45
gp1-43,f,20,22,4,9,1,6,42.48,854.99,1059.5,923.25,923.25,861.07,1057.26,890.97,890.48,1004.94,126.67,960,-44.94,0.28
gp1-43,f,20,22,4,10,5,1,37.28,872.12,1045.89,937.8,937.8,852.67,1024.34,916.66,918.81,125.71,126.67,418.5,292.79,1.83
gp1-43,f,20,22,4,11,5,10,45.1,882.92,1041.46,871.69,871.69,909.8,1066.09,849.5,847.03,1785.41,126.67,1627.5,-157.91,0.99
gp1-43,f,20,22,4,12,2,7,42.48,854.99,1059.5,923.25,923.25,869.37,1066.87,893.72,891.24,1242.98,126.67,1237.5,-5.48,0.03
gp1-43,f,20,22,4,13,2,4,37.28,872.12,1045.89,937.8,937.8,864.58,1033.33,910.08,911.97,651.51,126.67,748.5,96.99,0.61
gp1-43,f,20,22,4,14,1,6,42.48,854.99,1059.5,923.25,923.25,861.07,1057.26,890.97,890.48,1004.94,126.67,957,-47.94,0.3
gp1-43,f,20,22,4,15,4,9,45.1,882.92,1041.46,871.69,871.69,907.91,1063.5,847.4,844.68,1649.36,126.67,1860,210.64,1.32
gp1-43,f,20,22,4,16,4,2,45.1,882.92,1041.46,871.69,871.69,861.95,1017.24,843.85,846.62,321.6,126.67,276,-45.6,0.28
gp1-43,f,20,22,4,17,2,7,37.28,872.12,1045.89,937.8,937.8,884.06,1052.67,911.68,909.89,1242.98,126.67,1156.5,-86.48,0.54
gp1-43,f,20,22,4,18,3,8,42.48,854.99,1059.5,923.25,923.25,872.76,1071.34,895.63,892.62,1367.42,126.67,1255.5,-111.92,0.7
gp1-43,f,20,22,4,19,5,10,45.1,882.92,1041.46,871.69,871.69,909.8,1066.09,849.5,847.03,1785.41,126.67,1654.5,-130.91,0.82
gp1-44,f,20,29,11,5,5,10,45.1,882.92,1041.46,871.69,871.69,909.58,1065.78,849.23,846.72,1767.19,126.67,1651.89,-115.3,0.72
gp1-44,f,20,29,11,6,1,5,42.48,854.99,1059.5,923.25,923.25,855.99,1052.25,890.42,891.22,879.26,126.67,971.26,92,0.57
gp1-44,f,20,29,11,7,3,3,42.48,854.99,1059.5,923.25,923.25,842.65,1041.37,892.81,895.86,532.1,126.67,404.54,-127.56,0.8
gp1-44,f,20,29,11,8,5,1,45.1,882.92,1041.46,871.69,871.69,858.25,1014.55,847.06,849.53,136.74,126.67,450.95,314.2,1.96
gp1-44,f,20,29,11,9,2,7,37.28,872.12,1045.89,937.8,937.8,882.14,1050.37,910.88,909.43,1174.03,126.67,1297.51,123.48,0.77
gp1-44,f,20,29,11,10,2,4,45.1,882.92,1041.46,871.69,871.69,874.91,1027.19,837.77,839.89,707.07,126.67,587.35,-119.72,0.75
gp1-44,f,20,29,11,11,3,8,42.48,854.99,1059.5,923.25,923.25,873.64,1072.56,896.22,893.11,1404.59,126.67,1459.23,54.64,0.34
gp1-44,f,20,29,11,12,4,9,37.28,872.12,1045.89,937.8,937.8,891.04,1061.73,916.19,913.84,1582.24,126.67,1467.67,-114.57,0.72
gp1-44,f,20,29,11,13,4,2,37.28,872.12,1045.89,937.8,937.8,858.25,1028.43,912.64,914.99,425.03,126.67,393.29,-31.74,0.2
gp1-44,f,20,29,11,14,4,2,42.48,854.99,1059.5,923.25,923.25,839.39,1039.04,894.35,897.56,425.03,126.67,390.48,-34.56,0.22
gp1-44,f,20,29,11,15,2,7,45.1,882.92,1041.46,871.69,871.69,895.61,1047.57,839.23,837.37,1174.03,126.67,1411.42,237.39,1.48
gp1-44,f,20,29,11,16,1,6,42.48,854.99,1059.5,923.25,923.25,859.9,1056.05,890.78,890.59,975.45,126.67,988.14,12.68,0.08
gp1-44,f,20,29,11,17,4,9,45.1,882.92,1041.46,871.69,871.69,906.77,1061.93,846.28,843.48,1582.24,126.67,1485.95,-96.29,0.6
gp1-44,f,20,29,11,18,3,3,37.28,872.12,1045.89,937.8,937.8,861.01,1030.52,911.31,913.53,532.1,126.67,479.07,-53.03,0.33
gp1-44,f,20,29,11,19,3,8,45.1,882.92,1041.46,871.69,871.69,902.91,1056.73,843.14,840.36,1404.59,126.67,1436.73,32.14,0.2
gp1-45,f,40,43,25,5,5,10,42.48,854.99,1059.5,923.25,923.25,879.27,1080.64,901.14,898.12,1729.7,126.67,1486.03,-243.67,1.52
gp1-45,f,40,43,25,6,2,4,45.1,882.92,1041.46,871.69,871.69,877.01,1028.94,837.34,839.16,754.77,126.67,805.48,50.71,0.32
gp1-45,f,40,43,25,7,1,6,37.28,872.12,1045.89,937.8,937.8,875.73,1043.38,909.3,909.18,974.73,126.67,978.08,3.35,0.02
gp1-45,f,40,43,25,8,3,3,42.48,854.99,1059.5,923.25,923.25,844.54,1042.76,892.11,894.99,587.69,126.67,563.84,-23.85,0.15
gp1-45,f,40,43,25,9,4,2,45.1,882.92,1041.46,871.69,871.69,861.27,1016.75,844.37,847.11,292.63,126.67,494.79,202.16,1.26
gp1-45,f,40,43,25,10,3,8,45.1,882.92,1041.46,871.69,871.69,904.26,1058.53,844.14,841.3,1460.03,126.67,1326.58,-133.46,0.83
gp1-45,f,40,43,25,11,5,1,37.28,872.12,1045.89,937.8,937.8,852.61,1024.3,916.72,918.86,121.18,126.67,320.55,199.37,1.25
gp1-45,f,40,43,25,12,4,9,42.48,854.99,1059.5,923.25,923.25,876.29,1076.29,898.25,895.02,1533.45,126.67,1313.42,-220.03,1.38
gp1-45,f,40,43,25,13,2,7,42.48,854.99,1059.5,923.25,923.25,870.7,1068.59,894.41,891.69,1288.97,126.67,1249.32,-39.66,0.25
gp1-45,f,40,43,25,14,4,9,45.1,882.92,1041.46,871.69,871.69,905.84,1060.67,845.44,842.61,1533.45,126.67,1372.6,-160.85,1.01
gp1-45,f,40,43,25,15,2,7,37.28,872.12,1045.89,937.8,937.8,885.25,1054.14,912.25,910.28,1288.97,126.67,1324.93,35.96,0.22
gp1-45,f,40,43,25,16,3,8,37.28,872.12,1045.89,937.8,937.8,888.98,1058.95,914.54,912.22,1460.03,126.67,1282.19,-177.84,1.11
gp1-45,f,40,43,25,17,3,3,42.48,854.99,1059.5,923.25,923.25,844.54,1042.76,892.11,894.99,587.69,126.67,581.92,-5.77,0.04
gp1-45,f,40,43,25,18,2,4,45.1,882.92,1041.46,871.69,871.69,877.01,1028.94,837.34,839.16,754.77,126.67,713.42,-41.34,0.26
gp1-45,f,40,43,25,19,1,5,37.28,872.12,1045.89,937.8,937.8,869.83,1037.78,909.17,910.24,807.24,126.67,858.08,50.84,0.32
gp1-46,f,40,44,26,5,2,7,37.28,872.12,1045.89,937.8,937.8,882.22,1050.47,910.91,909.44,1176.81,126.67,976.88,-199.93,1.25
gp1-46,f,40,44,26,6,3,3,42.48,854.99,1059.5,923.25,923.25,841.84,1040.78,893.15,896.26,506.91,126.67,583.12,76.21,0.48
gp1-46,f,40,44,26,7,1,5,42.48,854.99,1059.5,923.25,923.25,856.96,1053.17,890.47,891.02,902.93,126.67,969.38,66.44,0.42
gp1-46,f,40,44,26,8,1,6,37.28,872.12,1045.89,937.8,937.8,879.94,1047.86,910.16,909.14,1101.55,126.67,1194.38,92.82,0.58
gp1-46,f,40,44,26,9,4,9,45.1,882.92,1041.46,871.69,871.69,905.4,1060.06,845.05,842.21,1511.57,126.67,1218.75,-292.82,1.83
gp1-46,f,40,44,26,10,3,8,45.1,882.92,1041.46,871.69,871.69,901.93,1055.44,842.48,839.76,1367.76,126.67,1342.5,-25.26,0.16
gp1-46,f,40,44,26,11,5,10,42.48,854.99,1059.5,923.25,923.25,879.87,1081.52,901.81,898.88,1779.5,126.67,1256.25,-523.25,3.27
gp1-46,f,40,44,26,12,4,2,37.28,872.12,1045.89,937.8,937.8,857.25,1027.69,913.22,915.58,381.46,126.67,337.5,-43.96,0.27
gp1-46,f,40,44,26,13,5,1,37.28,872.12,1045.89,937.8,937.8,853.77,1025.14,915.7,917.93,198.89,126.67,1693.12,1494.23,9.34
gp1-46,f,40,44,26,14,3,3,42.48,854.99,1059.5,923.25,923.25,841.84,1040.78,893.15,896.26,506.91,126.67,348.75,-158.16,0.99
gp1-46,f,40,44,26,15,5,10,45.1,882.92,1041.46,871.69,871.69,909.73,1065.99,849.41,846.93,1779.5,126.67,1209.38,-570.13,3.56
gp1-46,f,40,44,26,16,3,8,42.48,854.99,1059.5,923.25,923.25,872.77,1071.35,895.63,892.62,1367.76,126.67,1027.5,-340.26,2.13
gp1-46,f,40,44,26,17,2,7,45.1,882.92,1041.46,871.69,871.69,895.71,1047.69,839.27,837.4,1176.81,126.67,1190.62,13.82,0.09
gp1-46,f,40,44,26,18,2,4,37.28,872.12,1045.89,937.8,937.8,863.28,1032.28,910.47,912.5,609.7,126.67,485.62,-124.07,0.78
gp1-46,f,40,44,26,19,4,2,42.48,854.99,1059.5,923.25,923.25,838.21,1038.21,895.02,898.24,381.46,126.67,150,-231.46,1.45
gp1-47,m,20,21,3,5,4,2,42.48,854.99,1059.5,923.25,923.25,836.67,1037.15,895.99,899.18,319.67,126.67,189.44,-130.23,0.81
gp1-47,m,20,21,3,6,3,8,37.28,872.12,1045.89,937.8,937.8,887.48,1056.98,913.53,911.3,1385.37,126.67,1441.28,55.91,0.35
gp1-47,m,20,21,3,7,3,3,42.48,854.99,1059.5,923.25,923.25,844.74,1042.91,892.05,894.91,593.21,126.67,499.2,-94.01,0.59
gp1-47,m,20,21,3,8,2,7,45.1,882.92,1041.46,871.69,871.69,899.12,1051.84,840.83,838.42,1273.91,126.67,1392.64,118.73,0.74
gp1-47,m,20,21,3,9,2,4,37.28,872.12,1045.89,937.8,937.8,868.83,1036.9,909.26,910.52,778.49,126.67,838.4,59.91,0.37
gp1-47,m,20,21,3,10,5,1,45.1,882.92,1041.46,871.69,871.69,858.63,1014.83,846.69,849.2,159.05,126.67,391.68,232.63,1.45
gp1-47,m,20,21,3,11,4,9,42.48,854.99,1059.5,923.25,923.25,876.5,1076.6,898.43,895.21,1545.27,126.67,1619.2,73.93,0.46
gp1-47,m,20,21,3,12,1,5,37.28,872.12,1045.89,937.8,937.8,873.33,1041.02,909.1,909.49,906.46,126.67,968.96,62.5,0.39
gp1-47,m,20,21,3,13,1,6,45.1,882.92,1041.46,871.69,871.69,886.98,1038.15,837.07,836.99,970.29,126.67,1067.52,97.23,0.61
gp1-47,m,20,21,3,14,3,8,37.28,872.12,1045.89,937.8,937.8,887.48,1056.98,913.53,911.3,1385.37,126.67,1433.6,48.23,0.3
gp1-47,m,20,21,3,15,4,2,42.48,854.99,1059.5,923.25,923.25,836.67,1037.15,895.99,899.18,319.67,126.67,456.96,137.29,0.86
gp1-47,m,20,21,3,16,1,6,37.28,872.12,1045.89,937.8,937.8,875.57,1043.22,909.28,909.2,970.29,126.67,1088,117.71,0.74
gp1-47,m,20,21,3,17,2,4,42.48,854.99,1059.5,923.25,923.25,851.85,1048.57,890.56,892.28,778.49,126.67,934.4,155.91,0.97
gp1-47,m,20,21,3,18,1,5,45.1,882.92,1041.46,871.69,871.69,884.02,1035.25,836.85,837.39,906.46,126.67,949.76,43.3,0.27
gp1-47,m,20,21,3,19,2,7,45.1,882.92,1041.46,871.69,871.69,899.12,1051.84,840.83,838.42,1273.91,126.67,1344,70.09,0.44
gp1-48,f,20,21,3,5,1,5,37.28,872.12,1045.89,937.8,937.8,871.21,1039.03,909.09,909.91,846.47,126.67,914.3,67.84,0.42
gp1-48,f,20,21,3,6,5,10,42.48,854.99,1059.5,923.25,923.25,879.35,1080.76,901.23,898.22,1736.22,126.67,1529.54,-206.68,1.29
gp1-48,f,20,21,3,7,2,4,42.48,854.99,1059.5,923.25,923.25,848.65,1045.93,891.02,893.34,698.2,126.67,820.68,122.48,0.77
gp1-48,f,20,21,3,8,1,6,45.1,882.92,1041.46,871.69,871.69,888.19,1039.38,837.24,836.9,996.88,126.67,1031.33,34.45,0.22
gp1-48,f,20,21,3,9,5,1,37.28,872.12,1045.89,937.8,937.8,854.34,1025.56,915.24,917.51,232.94,126.67,452.88,219.94,1.37
gp1-48,f,20,21,3,10,3,3,45.1,882.92,1041.46,871.69,871.69,870.78,1023.88,839.02,841.6,606.17,126.67,634.55,28.38,0.18
gp1-48,f,20,21,3,11,4,2,42.48,854.99,1059.5,923.25,923.25,836.61,1037.1,896.03,899.23,316.94,126.67,256.71,-60.22,0.38
gp1-48,f,20,21,3,12,2,7,37.28,872.12,1045.89,937.8,937.8,882.16,1050.4,910.89,909.43,1174.84,126.67,1196.29,21.45,0.13
gp1-48,f,20,21,3,13,4,9,45.1,882.92,1041.46,871.69,871.69,905.85,1060.68,845.44,842.61,1533.93,126.67,1497.22,-36.71,0.23
gp1-48,f,20,21,3,14,3,8,42.48,854.99,1059.5,923.25,923.25,874.93,1074.36,897.15,893.96,1463.68,126.67,1523.97,60.29,0.38
gp1-48,f,20,21,3,15,3,3,37.28,872.12,1045.89,937.8,937.8,863.17,1032.2,910.5,912.55,606.17,126.67,497.46,-108.71,0.68
gp1-48,f,20,21,3,16,2,4,42.48,854.99,1059.5,923.25,923.25,848.65,1045.93,891.02,893.34,698.2,126.67,500.8,-197.4,1.23
gp1-48,f,20,21,3,17,4,2,45.1,882.92,1041.46,871.69,871.69,861.84,1017.16,843.94,846.7,316.94,126.67,325.82,8.88,0.06
gp1-48,f,20,21,3,18,1,5,37.28,872.12,1045.89,937.8,937.8,871.21,1039.03,909.09,909.91,846.47,126.67,809.53,-36.93,0.23
gp1-48,f,20,21,3,19,4,9,42.48,854.99,1059.5,923.25,923.25,876.29,1076.31,898.25,895.03,1533.93,126.67,1414.74,-119.19,0.74
gp1-49,m,19,19,1,5,2,4,42.48,854.99,1059.5,923.25,923.25,849.22,1046.4,890.92,893.13,712.94,126.67,787.51,74.57,0.47
gp1-49,m,19,19,1,6,4,2,45.1,882.92,1041.46,871.69,871.69,862.14,1017.39,843.7,846.49,329.82,126.67,276.25,-53.56,0.33
gp1-49,m,19,19,1,7,1,5,37.28,872.12,1045.89,937.8,937.8,869.09,1037.13,909.23,910.44,786.2,126.67,785.01,-1.19,0.01
gp1-49,m,19,19,1,8,5,1,42.48,854.99,1059.5,923.25,923.25,834.58,1035.72,897.52,900.6,223,126.67,180,-43,0.27
gp1-49,m,19,19,1,9,2,7,45.1,882.92,1041.46,871.69,871.69,896.15,1048.21,839.44,837.49,1188.48,126.67,1230.01,41.53,0.26
gp1-49,m,19,19,1,10,5,10,42.48,854.99,1059.5,923.25,923.25,879.3,1080.68,901.16,898.15,1731.45,126.67,1577.51,-153.94,0.96
gp1-49,m,19,19,1,11,3,3,45.1,882.92,1041.46,871.69,871.69,868.85,1022.38,839.8,842.52,554.2,126.67,531.25,-22.94,0.14
gp1-49,m,19,19,1,12,4,9,37.28,872.12,1045.89,937.8,937.8,889.56,1059.73,914.98,912.63,1491.93,126.67,1518.76,26.84,0.17
gp1-49,m,19,19,1,13,1,6,42.48,854.99,1059.5,923.25,923.25,860.12,1056.28,890.81,890.56,980.96,126.67,985.01,4.04,0.03
gp1-49,m,19,19,1,14,4,2,45.1,882.92,1041.46,871.69,871.69,862.14,1017.39,843.7,846.49,329.82,126.67,257.5,-72.31,0.45
gp1-49,m,19,19,1,15,5,1,37.28,872.12,1045.89,937.8,937.8,854.17,1025.43,915.37,917.63,223,126.67,73.75,-149.25,0.93
gp1-49,m,19,19,1,16,3,8,37.28,872.12,1045.89,937.8,937.8,886.96,1056.31,913.2,911.03,1361.49,126.67,1397.51,36.03,0.23
gp1-49,m,19,19,1,17,4,9,45.1,882.92,1041.46,871.69,871.69,904.98,1059.49,844.7,841.86,1491.93,126.67,1486.26,-5.66,0.04
gp1-49,m,19,19,1,18,3,3,42.48,854.99,1059.5,923.25,923.25,843.39,1041.91,892.52,895.52,554.2,126.67,671.26,117.06,0.73
gp1-49,m,19,19,1,19,1,5,45.1,882.92,1041.46,871.69,871.69,878.43,1030.16,837.13,838.72,786.2,126.67,856.26,70.06,0.44
gp1-50,,18,18,0,5,4,9,42.48,854.99,1059.5,923.25,923.25,876.27,1076.27,898.23,895.01,1532.54,126.67,1393.77,-138.77,0.87
gp1-50,,18,18,0,6,2,7,45.1,882.92,1041.46,871.69,871.69,894.78,1046.6,838.92,837.22,1152.51,126.67,1126.43,-26.09,0.16
gp1-50,,18,18,0,7,4,2,37.28,872.12,1045.89,937.8,937.8,857.4,1027.8,913.13,915.49,388.17,126.67,358.03,-30.14,0.19
gp1-50,,18,18,0,8,3,3,45.1,882.92,1041.46,871.69,871.69,865.53,1019.88,841.48,844.32,453.99,126.67,566.95,112.96,0.71
gp1-50,,18,18,0,9,2,4,42.48,854.99,1059.5,923.25,923.25,850.4,1047.36,890.73,892.73,742.57,126.67,839.61,97.04,0.61
gp1-50,,18,18,0,10,1,5,37.28,872.12,1045.89,937.8,937.8,874.89,1042.54,909.21,909.27,950.6,126.67,968.85,18.25,0.11
gp1-50,,18,18,0,11,1,6,42.48,854.99,1059.5,923.25,923.25,863.8,1060.21,891.61,890.41,1076.81,126.67,1073.31,-3.5,0.02
gp1-50,,18,18,0,12,5,1,45.1,882.92,1041.46,871.69,871.69,858.68,1014.86,846.64,849.16,161.91,126.67,131.4,-30.51,0.19
gp1-50,,18,18,0,13,5,10,42.48,854.99,1059.5,923.25,923.25,879,1080.25,900.84,897.79,1708.79,126.67,1631.02,-77.77,0.49
gp1-50,,18,18,0,14,4,9,45.1,882.92,1041.46,871.69,871.69,905.83,1060.64,845.42,842.59,1532.54,126.67,1384.92,-147.62,0.92
gp1-50,,18,18,0,15,3,3,37.28,872.12,1045.89,937.8,937.8,858.96,1028.96,912.27,914.6,453.99,126.67,531.54,77.55,0.48
gp1-50,,18,18,0,16,5,1,37.28,872.12,1045.89,937.8,937.8,853.2,1024.72,916.19,918.38,161.91,126.67,218.16,56.25,0.35
gp1-50,,18,18,0,17,5,10,45.1,882.92,1041.46,871.69,871.69,908.8,1064.72,848.34,845.73,1708.79,126.67,1551.35,-157.44,0.98
gp1-50,,18,18,0,18,2,4,42.48,854.99,1059.5,923.25,923.25,850.4,1047.36,890.73,892.73,742.57,126.67,887.41,144.84,0.91
gp1-50,,18,18,0,19,1,6,45.1,882.92,1041.46,871.69,871.69,891.7,1043.11,837.96,836.87,1076.81,126.67,1066.23,-10.58,0.07
